{
	"__comment": "Designed by ZeldaLinkAaron with Cubik Studio - https://cubik.studio",
	"textures": {
		"texture": "entity/bed/orange.png"
	},
	"elements": [ 	 
		{
			"__comment": "Box1",
			"from": [ 13, 0, -8 ],
			"to": [ 16, 5, -5 ],
			"faces": {
				"down": { "uv": [ 14, 0, 14.75, 0.75 ], "texture": "#texture" },
				"up": { "uv": [ 13.25, 0, 14, 0.75 ], "texture": "#texture" },
				"north": { "uv": [ 12.5, 0.75, 13.25, 1.5 ], "texture": "#texture" },
				"south": { "uv": [ 12.5, 0.75, 13.25, 1.5 ], "texture": "#texture" },
				"west": { "uv": [ 12.5, 0.75, 13.25, 1.5 ], "texture": "#texture" },
				"east": { "uv": [ 12.5, 0.75, 13.25, 1.5 ], "texture": "#texture" }
			}
		},
		{
			"__comment": "Box2",
			"from": [ 0, 0, 21 ],
			"to": [ 3, 5, 24 ],
			"faces": {
				"down": { "uv": [ 14, 0, 14.75, 0.75 ], "texture": "#texture" },
				"up": { "uv": [ 13.25, 0, 14, 0.75 ], "texture": "#texture" },
				"north": { "uv": [ 12.5, 0.75, 13.25, 1.5 ], "texture": "#texture" },
				"south": { "uv": [ 12.5, 0.75, 13.25, 1.5 ], "texture": "#texture" },
				"west": { "uv": [ 12.5, 0.75, 13.25, 1.5 ], "texture": "#texture" },
				"east": { "uv": [ 12.5, 0.75, 13.25, 1.5 ], "texture": "#texture" }
			}
		},
		{
			"__comment": "Box3",
			"from": [ 13, 0, 21 ],
			"to": [ 16, 5, 24 ],
			"faces": {
				"down": { "uv": [ 14, 0, 14.75, 0.75 ], "texture": "#texture" },
				"up": { "uv": [ 13.25, 0, 14, 0.75 ], "texture": "#texture" },
				"north": { "uv": [ 12.5, 0.75, 13.25, 1.5 ], "texture": "#texture" },
				"south": { "uv": [ 12.5, 0.75, 13.25, 1.5 ], "texture": "#texture" },
				"west": { "uv": [ 12.5, 0.75, 13.25, 1.5 ], "texture": "#texture" },
				"east": { "uv": [ 12.5, 0.75, 13.25, 1.5 ], "texture": "#texture" }
			}
		},
		{
			"__comment": "Box4",
			"from": [ 0, 0, -8 ],
			"to": [ 3, 5, -5 ],
			"faces": {
				"down": { "uv": [ 14, 0, 14.75, 0.75 ], "texture": "#texture" },
				"up": { "uv": [ 13.25, 0, 14, 0.75 ], "texture": "#texture" },
				"north": { "uv": [ 12.5, 0.75, 13.25, 1.5 ], "texture": "#texture" },
				"south": { "uv": [ 12.5, 0.75, 13.25, 1.5 ], "texture": "#texture" },
				"west": { "uv": [ 12.5, 0.75, 13.25, 1.5 ], "texture": "#texture" },
				"east": { "uv": [ 12.5, 0.75, 13.25, 1.5 ], "texture": "#texture" }
			}
		},
		{
			"__comment": "Box6",
			"from": [ 14, 3, -5 ],
			"to": [ 15, 5, 8 ],
			"faces": {
				"down": { "uv": [ 7, 10, 11, 10.5 ], "texture": "#texture" },
				"up": { "uv": [ 7, 10, 11, 10.5 ], "texture": "#texture" },
				"north": { "uv": [ 7, 10, 11, 10.5 ], "texture": "#texture" },
				"south": { "uv": [ 7, 10, 11, 10.5 ], "texture": "#texture" },
				"west": { "uv": [ 7, 10, 11, 10.5 ], "texture": "#texture" },
				"east": { "uv": [ 7, 10, 11, 10.5 ], "texture": "#texture" }
			}
		},
		{
			"__comment": "Box8",
			"from": [ 3, 3, 22 ],
			"to": [ 13, 5, 23 ],
			"faces": {
				"down": { "uv": [ 7, 1.5, 11, 2.5 ], "texture": "#texture" },
				"up": { "uv": [ 7, 1.5, 11, 2.5 ], "texture": "#texture" },
				"north": { "uv": [ 7, 1.5, 11, 2.5 ], "texture": "#texture" },
				"south": { "uv": [ 7, 1.5, 11, 2.5 ], "texture": "#texture" },
				"west": { "uv": [ 7, 1.5, 11, 2.5 ], "texture": "#texture" },
				"east": { "uv": [ 7, 1.5, 11, 2.5 ], "texture": "#texture" }
			}
		},
		{
			"__comment": "Box9",
			"from": [ 3, 3, -7 ],
			"to": [ 13, 5, -6 ],
			"faces": {
				"down": { "uv": [ 7, 1.5, 11, 2.5 ], "texture": "#texture" },
				"up": { "uv": [ 7, 1.5, 11, 2.5 ], "texture": "#texture" },
				"north": { "uv": [ 7, 1.5, 11, 2.5 ], "texture": "#texture" },
				"south": { "uv": [ 7, 1.5, 11, 2.5 ], "texture": "#texture" },
				"west": { "uv": [ 7, 1.5, 11, 2.5 ], "texture": "#texture" },
				"east": { "uv": [ 7, 1.5, 11, 2.5 ], "texture": "#texture" }
			}
		},
		{
			"__comment": "Box10",
			"from": [ 2, 4.5, 18 ],
			"to": [ 14, 5, 20 ],
			"faces": {
				"down": { "uv": [ 7, 1.5, 11, 2.5 ], "texture": "#texture" },
				"up": { "uv": [ 7, 1.5, 11, 2.5 ], "texture": "#texture" },
				"north": { "uv": [ 7, 1.5, 11, 2.5 ], "texture": "#texture" },
				"south": { "uv": [ 7, 1.5, 11, 2.5 ], "texture": "#texture" },
				"west": { "uv": [ 7, 1.5, 11, 2.5 ], "texture": "#texture" },
				"east": { "uv": [ 7, 1.5, 11, 2.5 ], "texture": "#texture" }
			}
		},
		{
			"__comment": "Box11",
			"from": [ 2, 4.5, 15 ],
			"to": [ 14, 5, 17 ],
			"faces": {
				"down": { "uv": [ 7, 4.5, 11, 5.5 ], "texture": "#texture" },
				"up": { "uv": [ 7, 4.5, 11, 5.5 ], "texture": "#texture" },
				"north": { "uv": [ 7, 4.5, 11, 5.5 ], "texture": "#texture" },
				"south": { "uv": [ 7, 4.5, 11, 5.5 ], "texture": "#texture" },
				"west": { "uv": [ 7, 4.5, 11, 5.5 ], "texture": "#texture" },
				"east": { "uv": [ 7, 4.5, 11, 5.5 ], "texture": "#texture" }
			}
		},
		{
			"__comment": "Box12",
			"from": [ 2, 4.5, 12 ],
			"to": [ 14, 5, 14 ],
			"faces": {
				"down": { "uv": [ 7, 3.5, 11, 4.5 ], "texture": "#texture" },
				"up": { "uv": [ 7, 3.5, 11, 4.5 ], "texture": "#texture" },
				"north": { "uv": [ 7, 3.5, 11, 4.5 ], "texture": "#texture" },
				"south": { "uv": [ 7, 3.5, 11, 4.5 ], "texture": "#texture" },
				"west": { "uv": [ 7, 3.5, 11, 4.5 ], "texture": "#texture" },
				"east": { "uv": [ 7, 3.5, 11, 4.5 ], "texture": "#texture" }
			}
		},
		{
			"__comment": "Box13",
			"from": [ 2, 4.5, 9 ],
			"to": [ 14, 5, 11 ],
			"faces": {
				"down": { "uv": [ 7, 2.5, 11, 3.5 ], "texture": "#texture" },
				"up": { "uv": [ 7, 2.5, 11, 3.5 ], "texture": "#texture" },
				"north": { "uv": [ 7, 2.5, 11, 3.5 ], "texture": "#texture" },
				"south": { "uv": [ 7, 2.5, 11, 3.5 ], "texture": "#texture" },
				"west": { "uv": [ 7, 2.5, 11, 3.5 ], "texture": "#texture" },
				"east": { "uv": [ 7, 2.5, 11, 3.5 ], "texture": "#texture" }
			}
		},
		{
			"__comment": "Box14",
			"from": [ 2, 4.5, 6 ],
			"to": [ 14, 5, 8 ],
			"faces": {
				"down": { "uv": [ 7, 1.5, 11, 2.5 ], "texture": "#texture" },
				"up": { "uv": [ 7, 1.5, 11, 2.5 ], "texture": "#texture" },
				"north": { "uv": [ 7, 1.5, 11, 2.5 ], "texture": "#texture" },
				"south": { "uv": [ 7, 1.5, 11, 2.5 ], "texture": "#texture" },
				"west": { "uv": [ 7, 1.5, 11, 2.5 ], "texture": "#texture" },
				"east": { "uv": [ 7, 1.5, 11, 2.5 ], "texture": "#texture" }
			}
		},
		{
			"__comment": "Box15",
			"from": [ 2, 4.5, 3 ],
			"to": [ 14, 5, 5 ],
			"faces": {
				"down": { "uv": [ 7, 4.5, 11, 5.5 ], "texture": "#texture" },
				"up": { "uv": [ 7, 4.5, 11, 5.5 ], "texture": "#texture" },
				"north": { "uv": [ 7, 4.5, 11, 5.5 ], "texture": "#texture" },
				"south": { "uv": [ 7, 4.5, 11, 5.5 ], "texture": "#texture" },
				"west": { "uv": [ 7, 4.5, 11, 5.5 ], "texture": "#texture" },
				"east": { "uv": [ 7, 4.5, 11, 5.5 ], "texture": "#texture" }
			}
		},
		{
			"__comment": "Box16",
			"from": [ 2, 4.5, 0 ],
			"to": [ 14, 5, 2 ],
			"faces": {
				"down": { "uv": [ 7, 3.5, 11, 4.5 ], "texture": "#texture" },
				"up": { "uv": [ 7, 3.5, 11, 4.5 ], "texture": "#texture" },
				"north": { "uv": [ 7, 3.5, 11, 4.5 ], "texture": "#texture" },
				"south": { "uv": [ 7, 3.5, 11, 4.5 ], "texture": "#texture" },
				"west": { "uv": [ 7, 3.5, 11, 4.5 ], "texture": "#texture" },
				"east": { "uv": [ 7, 3.5, 11, 4.5 ], "texture": "#texture" }
			}
		},
		{
			"__comment": "Box17",
			"from": [ 2, 4.5, -3 ],
			"to": [ 14, 5, -1 ],
			"faces": {
				"down": { "uv": [ 7, 2.5, 11, 3.5 ], "texture": "#texture" },
				"up": { "uv": [ 7, 2.5, 11, 3.5 ], "texture": "#texture" },
				"north": { "uv": [ 7, 2.5, 11, 3.5 ], "texture": "#texture" },
				"south": { "uv": [ 7, 2.5, 11, 3.5 ], "texture": "#texture" },
				"west": { "uv": [ 7, 2.5, 11, 3.5 ], "texture": "#texture" },
				"east": { "uv": [ 7, 2.5, 11, 3.5 ], "texture": "#texture" }
			}
		},
		{
			"__comment": "Box18",
			"from": [ 2, 4.5, -6 ],
			"to": [ 14, 5, -4 ],
			"faces": {
				"down": { "uv": [ 7, 1.5, 11, 2.5 ], "texture": "#texture" },
				"up": { "uv": [ 7, 7, 11, 8 ], "texture": "#texture" },
				"north": { "uv": [ 7, 7, 11, 8 ], "texture": "#texture" },
				"south": { "uv": [ 7, 7, 11, 8 ], "texture": "#texture" },
				"west": { "uv": [ 7, 7, 11, 8 ], "texture": "#texture" },
				"east": { "uv": [ 7, 7, 11, 8 ], "texture": "#texture" }
			}
		},
		{
			"__comment": "Box19",
			"from": [ 2, 4.5, 21 ],
			"to": [ 14, 5, 22 ],
			"faces": {
				"down": { "uv": [ 7, 2.5, 11, 3.5 ], "texture": "#texture" },
				"up": { "uv": [ 7, 2.5, 11, 3.5 ], "texture": "#texture" },
				"north": { "uv": [ 7, 2.5, 11, 3.5 ], "texture": "#texture" },
				"south": { "uv": [ 7, 2.5, 11, 3.5 ], "texture": "#texture" },
				"west": { "uv": [ 7, 2.5, 11, 3.5 ], "texture": "#texture" },
				"east": { "uv": [ 7, 2.5, 11, 3.5 ], "texture": "#texture" }
			}
		},
		{
			"__comment": "Box20",
			"from": [ -0.5, 5, -8.5 ],
			"to": [ 16.5, 9, 8 ],
			"faces": {
				"down": { "uv": [ 1.75, 1.75, 5.25, 2.75 ], "texture": "#texture" },
				"up": { "uv": [ 1.5, 1.5, 5.5, 5.5 ], "texture": "#texture" },
				"north": { "uv": [ 1.5, 0, 5.5, 1.5 ], "texture": "#texture" },
				"south": { "uv": [ 5.5, 5.5, 9.5, 7 ], "texture": "#texture" },
				"west": { "uv": [ 0, 1.5, 1.5, 5.5 ], "texture": "#texture", "rotation": 270 },
				"east": { "uv": [ 5.5, 1.5, 7, 5.5 ], "texture": "#texture", "rotation": 90 }
			}
		},
		{
			"__comment": "Box20",
			"from": [ -1, 5, 0 ],
			"to": [ 17, 9.5, 6 ],
			"faces": {
				"down": { "uv": [ 1.5, 3.5, 5.5, 5 ], "texture": "#texture" },
				"up": { "uv": [ 1.5, 3.5, 5.5, 5 ], "texture": "#texture" },
				"north": { "uv": [ 1.5, 3.5, 5.5, 3.75 ], "texture": "#texture" },
				"south": { "uv": [ 1.5, 3.5, 5.5, 3.75 ], "texture": "#texture" },
				"west": { "uv": [ 0.5, 3.5, 1.5, 5 ], "texture": "#texture" },
				"east": { "uv": [ 5.5, 3.5, 6.5, 5 ], "texture": "#texture" }
			}
		},
		{
			"__comment": "Box21",
			"from": [ 0, 9, -8 ],
			"to": [ 16, 9.5, 0 ],
			"faces": {
				"down": { "uv": [ 1.75, 1.75, 5.25, 3.5 ], "texture": "#texture" },
				"up": { "uv": [ 1.75, 1.75, 5.25, 3.5 ], "texture": "#texture" },
				"north": { "uv": [ 1.75, 1.5, 5.25, 1.75 ], "texture": "#texture" },
				"south": { "uv": [ 1.75, 1.5, 5.25, 1.75 ], "texture": "#texture" },
				"west": { "uv": [ 1.5, 1.75, 1.75, 3.5 ], "texture": "#texture" },
				"east": { "uv": [ 5.25, 1.75, 5.5, 3.5 ], "texture": "#texture" }
			}
		},
		{
			"__comment": "Box6",
			"from": [ 1, 3, 8 ],
			"to": [ 2, 5, 21 ],
			"faces": {
				"down": { "uv": [ 7, 10, 11, 10.5 ], "texture": "#texture" },
				"up": { "uv": [ 7, 10, 11, 10.5 ], "texture": "#texture" },
				"north": { "uv": [ 7, 10, 11, 10.5 ], "texture": "#texture" },
				"south": { "uv": [ 7, 10, 11, 10.5 ], "texture": "#texture" },
				"west": { "uv": [ 7, 10, 11, 10.5 ], "texture": "#texture" },
				"east": { "uv": [ 7, 10, 11, 10.5 ], "texture": "#texture" }
			}
		},
		{
			"__comment": "Box6",
			"from": [ 14, 3, 8 ],
			"to": [ 15, 5, 21 ],
			"faces": {
				"down": { "uv": [ 7, 10, 11, 10.5 ], "texture": "#texture" },
				"up": { "uv": [ 7, 10, 11, 10.5 ], "texture": "#texture" },
				"north": { "uv": [ 7, 10, 11, 10.5 ], "texture": "#texture" },
				"south": { "uv": [ 7, 10, 11, 10.5 ], "texture": "#texture" },
				"west": { "uv": [ 7, 10, 11, 10.5 ], "texture": "#texture" },
				"east": { "uv": [ 7, 10, 11, 10.5 ], "texture": "#texture" }
			}
		},
		{
			"__comment": "Box6",
			"from": [ 1, 3, -5 ],
			"to": [ 2, 5, 8 ],
			"faces": {
				"down": { "uv": [ 7, 10, 11, 10.5 ], "texture": "#texture" },
				"up": { "uv": [ 7, 10, 11, 10.5 ], "texture": "#texture" },
				"north": { "uv": [ 7, 10, 11, 10.5 ], "texture": "#texture" },
				"south": { "uv": [ 7, 10, 11, 10.5 ], "texture": "#texture" },
				"west": { "uv": [ 7, 10, 11, 10.5 ], "texture": "#texture" },
				"east": { "uv": [ 7, 10, 11, 10.5 ], "texture": "#texture" }
			}
		},
		{
			"__comment": "Box20",
			"from": [ -0.5, 5, 8 ],
			"to": [ 16.5, 9, 24.5 ],
			"faces": {
				"down": { "uv": [ 2, 1.75, 4.75, 2.75 ], "texture": "#texture" },
				"up": { "uv": [ 1.5, 7, 5.75, 11 ], "texture": "#texture" },
				"north": { "uv": [ 1.5, 0, 5.5, 1.5 ], "texture": "#texture" },
				"south": { "uv": [ 5.5, 5.5, 9.5, 7 ], "texture": "#texture" },
				"west": { "uv": [ 0, 7, 1.5, 11 ], "texture": "#texture", "rotation": 270 },
				"east": { "uv": [ 5.5, 7, 7, 11 ], "texture": "#texture", "rotation": 90 }
			}
		}
	],
	"display": {
		"ground": {
			"translation":  [ 0, 2, 0 ]
		}
	}
}