{
"__comment":"Made by Know2Good, part of the 'Default 3D™' resource pack || Official download page: http://www.planetminecraft.com/texture_pack/default-3d-2985741/ || © Know2Good. All rights reserved. ",
"ambientocclusion": false,
"textures": {
	"block": "blocks/door_acacia_lower",
	"particle":"blocks/door_acacia_lower"
},
"elements":[
	{
		"type":"cube", //The inner block
		"from":[0.75,0,1],
		"to":[2.25,15.999,16],
		"rotation": {"origin": [ 8, 1, 8 ], "axis": "y", "angle": 0 },
		"faces": {
			"down":{"uv":[1,15,16,16],"texture":"#block","cullface":"Know2Good","rotation":270},
			"south":{"uv":[15,0,16,16],"texture":"#block","cullface":"Know2Good"},
			"west":{"uv":[1,0,16,16],"texture":"#block","cullface":"Know2Good"},
			"east":{"uv":[16,0,1,16],"texture":"#block","cullface":"Know2Good"}
		}
	},
	{
		"type":"cube", //Bottom hinge
		"from":[-0.25,4,-0.25],
		"to":[3.25,6,1],
		"rotation": {"origin": [ 8, 1, 8 ], "axis": "y", "angle": 0 },
		"faces": {
			"up":{"uv":[0,10,1,11],"texture":"#block","cullface":"Know2Good","rotation":90},
			"down":{"uv":[0,11,1,12],"texture":"#block","cullface":"Know2Good","rotation":270},
			"north":{"uv":[0,10,1,12],"texture":"#block","cullface":"Know2Good"},
			"south":{"uv":[0,10,1,12],"texture":"#block","cullface":"Know2Good"},
			"west":{"uv":[0,10,1,12],"texture":"#block","cullface":"Know2Good"},
			"east":{"uv":[1,10,0,12],"texture":"#block","cullface":"Know2Good"}
		}
	},
	{
		"type":"cube", //Top hinge
		"from":[-0.25,15,-0.25],
		"to":[3.25,16,1],
		"rotation": {"origin": [ 8, 1, 8 ], "axis": "y", "angle": 0 },
		"faces": {
			"up":{"uv":[0,0,1,0],"texture":"#block","cullface":"Know2Good","rotation":90},
			"down":{"uv":[0,0,1,1],"texture":"#block","cullface":"Know2Good","rotation":270},
			"north":{"uv":[0,0,1,1],"texture":"#block","cullface":"Know2Good"},
			"south":{"uv":[0,0,1,1],"texture":"#block","cullface":"Know2Good"},
			"west":{"uv":[0,0,1,1],"texture":"#block","cullface":"Know2Good"},
			"east":{"uv":[1,0,0,1],"texture":"#block","cullface":"Know2Good"}
		}
	},
	{
		"type":"cube", //Middle hinge side
		"from":[0.992,0.001,0],
		"to":[2.008,15.999,3],
		"rotation": {"origin": [ 8, 1, 8 ], "axis": "y", "angle": 0 },
		"faces": {
			"down":{"uv":[1,0,3,1],"texture":"#block","cullface":"Know2Good","rotation":270},
			"north":{"uv":[1,0,2,16],"texture":"#block","cullface":"Know2Good"},
			"south":{"uv":[2,0,3,16],"texture":"#block","cullface":"Know2Good"}
		}
	},
	{
		"type":"cube", //Hinge side (east)
		"from":[2,0.001,0],
		"to":[3,16,3],
		"rotation": {"origin": [ 8, 1, 8 ], "axis": "y", "angle": 0 },
		"faces": {
			"down":{"uv":[0,15,3,16],"texture":"#block","cullface":"Know2Good","rotation":90},
			"north":{"uv":[0,0,1,16],"texture":"#block","cullface":"Know2Good"},
			"south":{"uv":[2,0,3,16],"texture":"#block","cullface":"Know2Good"},
			"east":{"uv":[3,0,0,16],"texture":"#block","cullface":"Know2Good"}
		}
	},
	{
		"type":"cube", //Hinge side (west)
		"from":[0,0.001,0],
		"to":[1,16,3],
		"rotation": {"origin": [ 8, 1, 8 ], "axis": "y", "angle": 0 },
		"faces": {
			"down":{"uv":[0,15,3,16],"texture":"#block","cullface":"Know2Good","rotation":90},
			"north":{"uv":[0,0,1,16],"texture":"#block","cullface":"Know2Good"},
			"south":{"uv":[2,0,3,16],"texture":"#block","cullface":"Know2Good"},
			"west":{"uv":[0,0,3,16],"texture":"#block","cullface":"Know2Good"}
		}
	},
	{
		"type":"cube", //Right
		"from":[0,0.001,13],
		"to":[3,16,15],
		"rotation": {"origin": [ 8, 1, 8 ], "axis": "y", "angle": 0 },
		"faces": {
			"down":{"uv":[13,15,15,16],"texture":"#block","cullface":"Know2Good","rotation":90},
			"north":{"uv":[13,0,14,16],"texture":"#block","cullface":"Know2Good"},
			"south":{"uv":[14,0,15,16],"texture":"#block","cullface":"Know2Good"},
			"west":{"uv":[13,0,15,16],"texture":"#block","cullface":"Know2Good"},
			"east":{"uv":[15,0,13,16],"texture":"#block","cullface":"Know2Good"}
		}
	},
	{
		"type":"cube", //Top
		"from":[0,15,3],
		"to":[3,16,13],
		"rotation": {"origin": [ 8, 1, 8 ], "axis": "y", "angle": 0 },
		"faces": {
			"down":{"uv":[3,0,13,1],"texture":"#block","cullface":"Know2Good","rotation":270},
			"west":{"uv":[3,0,13,1],"texture":"#block","cullface":"Know2Good"},
			"east":{"uv":[13,0,3,1],"texture":"#block","cullface":"Know2Good"}
		}
	},
	{
		"type":"cube", //Bottom
		"from":[0,0.001,3],
		"to":[3,3,13],
		"rotation": {"origin": [ 8, 1, 8 ], "axis": "y", "angle": 0 },
		"faces": {
			"up":{"uv":[3,13,13,14],"texture":"#block","cullface":"Know2Good","rotation":90},
			"down":{"uv":[3,15,13,16],"texture":"#block","cullface":"Know2Good","rotation":270},
			"west":{"uv":[3,13,13,16],"texture":"#block","cullface":"Know2Good"},
			"east":{"uv":[13,13,3,16],"texture":"#block","cullface":"Know2Good"}
		}
	},
	{
		"type":"cube", //Bar left
		"from":[0.75,3,5],
		"to":[2.25,15,7],
		"rotation": {"origin": [ 8, 1, 8 ], "axis": "y", "angle": 0 },
		"faces": {
			"north":{"uv":[5,1,6,13],"texture":"#block","cullface":"Know2Good"},
			"south":{"uv":[6,1,7,13],"texture":"#block","cullface":"Know2Good"}
		}
	},
	{
		"type":"cube", //Bar right
		"from":[0.75,3,9],
		"to":[2.25,15,11],
		"rotation": {"origin": [ 8, 1, 8 ], "axis": "y", "angle": 0 },
		"faces": {
			"north":{"uv":[9,1,10,13],"texture":"#block","cullface":"Know2Good"},
			"south":{"uv":[10,1,11,13],"texture":"#block","cullface":"Know2Good"}
		}
	},
	{
		"type":"cube", //Handle west
		"from":[-1,15,11],
		"to":[-0.5,16,12],
		"rotation": {"origin": [ 8, 1, 8 ], "axis": "y", "angle": 0 },
		"faces": {
			"up":{"uv":[14,0,15,1],"texture":"#block","cullface":"Know2Good","rotation":90},
			"down":{"uv":[14,0,15,1],"texture":"#block","cullface":"Know2Good","rotation":270},
			"north":{"uv":[14,0,15,1],"texture":"#block","cullface":"Know2Good"},
			"south":{"uv":[14,0,15,1],"texture":"#block","cullface":"Know2Good"},
			"west":{"uv":[14,0,15,1],"texture":"#block","cullface":"Know2Good"},
			"east":{"uv":[14,0,15,1],"texture":"#block","cullface":"Know2Good"}
		}
	},
	{
		"type":"cube", //Handle east
		"from":[3.5,15,11],
		"to":[4,16,12],
		"rotation": {"origin": [ 8, 1, 8 ], "axis": "y", "angle": 0 },
		"faces": {
			"up":{"uv":[14,0,15,1],"texture":"#block","cullface":"Know2Good","rotation":90},
			"down":{"uv":[14,0,15,1],"texture":"#block","cullface":"Know2Good","rotation":270},
			"north":{"uv":[14,0,15,1],"texture":"#block","cullface":"Know2Good"},
			"south":{"uv":[14,0,15,1],"texture":"#block","cullface":"Know2Good"},
			"west":{"uv":[14,0,15,1],"texture":"#block","cullface":"Know2Good"},
			"east":{"uv":[14,0,15,1],"texture":"#block","cullface":"Know2Good"}
		}
	},
	{
		"type":"cube", //Prevent handle
		"from":[-0.001,15,14],
		"to":[3.001,16,15.001],
		"rotation": {"origin": [ 8, 1, 8 ], "axis": "y", "angle": 0 },
		"faces": {
			"south":{"uv":[14,12,15,13],"texture":"#block","cullface":"Know2Good"},
			"west":{"uv":[14,12,15,13],"texture":"#block","cullface":"Know2Good"},
			"east":{"uv":[14,12,15,13],"texture":"#block","cullface":"Know2Good"}
		}
	}
],
"display": {
	"thirdperson": {
		"rotation": [ 0, 45, 1 ],
		"translation": [ 0, 0.5, 0 ],
		"scale": [ 1.1, 1.1, 1.1 ]
	},
	"firstperson": {
		"rotation": [ 0, 0, 0 ],
		"translation": [ 0, 0, 0 ],
		"scale": [ 1, 1, 1 ]
	},
	"gui": {
		"rotation": [ 0, 0, 0 ],
		"translation": [ 0, 0, 0 ],
		"scale": [ 1, 1, 1 ]
	}
}
}