{
"__comment":"Made by Know2Good, part of the 'Default 3D™' resource pack || Official download page: http://www.planetminecraft.com/texture_pack/default-3d-2985741/ || © Know2Good. All rights reserved. ",
"ambientocclusion": false,
"textures": {
	"block": "blocks/rail_activator_powered",
	"particle":"blocks/rail_activator_powered"
},
"elements":[
	{
		"type":"cube", //Left rail
		"from":[2.5,1,0],
		"to":[3.5,2.5,16],
		"rotation": {"origin": [ 8, 1, 8 ], "axis": "y", "angle": 0 },
		"faces": {
			"down":{"uv":[3,0,4,16],"texture":"#block","cullface":Know2Good},
			"up":{"uv":[2,0,3,16],"texture":"#block","cullface":Know2Good},
			"north":{"uv":[12,0,13,1],"texture":"#block","cullface":Know2Good},
			"south":{"uv":[12,0,13,1],"texture":"#block","cullface":Know2Good},
			"west":{"uv":[2,0,3,16],"texture":"#block","cullface":Know2Good},
			"east":{"uv":[3,0,4,16],"texture":"#block","cullface":Know2Good}
		}
	},
	{
		"type":"cube", //Right rail
		"from":[12.5,1,0],
		"to":[13.5,2.5,16],
		"rotation": {"origin": [ 8, 1, 8 ], "axis": "y", "angle": 0 },
		"faces": {
			"down":{"uv":[12,0,13,16],"texture":"#block","cullface":Know2Good},
			"up":{"uv":[13,0,14,16],"texture":"#block","cullface":Know2Good},
			"north":{"uv":[12,0,13,1],"texture":"#block","cullface":Know2Good},
			"south":{"uv":[12,0,13,1],"texture":"#block","cullface":Know2Good},
			"west":{"uv":[12,0,13,16],"texture":"#block","cullface":Know2Good},
			"east":{"uv":[13,0,14,16],"texture":"#block","cullface":Know2Good}
		}
	},
	{
		"type":"cube", //First tie
		"from":[0.995,0,0.995],
		"to":[15.005,1.005,3.005],
		"rotation": {"origin": [ 8, 1, 8 ], "axis": "y", "angle": 0 },
		"faces": {
			"down":{"uv":[1,1,15,3],"texture":"#block","cullface":Know2Good},
			"up":{"uv":[1,1,15,3],"texture":"#block","cullface":Know2Good},
			"north":{"uv":[1,1,15,3],"texture":"#block","cullface":Know2Good},
			"south":{"uv":[1,1,15,3],"texture":"#block","cullface":Know2Good},
			"west":{"uv":[14,1,15,3],"texture":"#block","cullface":Know2Good},
			"east":{"uv":[14,1,15,3],"texture":"#block","cullface":Know2Good}
		}
	},
	{
		"type":"cube", //First tie left activator
		"from":[4,-0.5,0.99],
		"to":[6,1.5,3.01],
		"rotation": {"origin": [ 8, 1, 8 ], "axis": "y", "angle": 0 },
		"faces": {
			"down":{"uv":[4,1,6,3],"texture":"#block","cullface":Know2Good},
			"up":{"uv":[4,1,6,3],"texture":"#block","cullface":Know2Good},
			"north":{"uv":[4,1,6,3],"texture":"#block","cullface":Know2Good},
			"south":{"uv":[4,1,6,3],"texture":"#block","cullface":Know2Good},
			"west":{"uv":[4,1,6,3],"texture":"#block","cullface":Know2Good},
			"east":{"uv":[4,1,6,3],"texture":"#block","cullface":Know2Good}
		}
	},
	{
		"type":"cube", //First tie right activator
		"from":[10,-0.5,0.99],
		"to":[12,1.5,3.01],
		"rotation": {"origin": [ 8, 1, 8 ], "axis": "y", "angle": 0 },
		"faces": {
			"down":{"uv":[10,1,12,3],"texture":"#block","cullface":Know2Good},
			"up":{"uv":[10,1,12,3],"texture":"#block","cullface":Know2Good},
			"north":{"uv":[10,1,12,3],"texture":"#block","cullface":Know2Good},
			"south":{"uv":[10,1,12,3],"texture":"#block","cullface":Know2Good},
			"west":{"uv":[10,1,12,3],"texture":"#block","cullface":Know2Good},
			"east":{"uv":[10,1,12,3],"texture":"#block","cullface":Know2Good}
		}
	},
	{
		"type":"cube", //Second tie
		"from":[0.995,0,4.995],
		"to":[15.005,1.005,7.005],
		"rotation": {"origin": [ 8, 1, 8 ], "axis": "y", "angle": 0 },
		"faces": {
			"down":{"uv":[1,5,15,7],"texture":"#block","cullface":Know2Good},
			"up":{"uv":[1,5,15,7],"texture":"#block","cullface":Know2Good},
			"north":{"uv":[1,5,15,7],"texture":"#block","cullface":Know2Good},
			"south":{"uv":[1,5,15,7],"texture":"#block","cullface":Know2Good},
			"west":{"uv":[14,5,15,7],"texture":"#block","cullface":Know2Good},
			"east":{"uv":[14,1,15,3],"texture":"#block","cullface":Know2Good}
		}
	},
	{
		"type":"cube", //Second tie left activator
		"from":[4,-0.5,4.99],
		"to":[6,1.5,7.01],
		"rotation": {"origin": [ 8, 1, 8 ], "axis": "y", "angle": 0 },
		"faces": {
			"down":{"uv":[4,5,6,7],"texture":"#block","cullface":Know2Good},
			"up":{"uv":[4,5,6,7],"texture":"#block","cullface":Know2Good},
			"north":{"uv":[4,5,6,7],"texture":"#block","cullface":Know2Good},
			"south":{"uv":[4,5,6,7],"texture":"#block","cullface":Know2Good},
			"west":{"uv":[4,5,6,7],"texture":"#block","cullface":Know2Good},
			"east":{"uv":[4,5,6,7],"texture":"#block","cullface":Know2Good}
		}
	},
	{
		"type":"cube", //Second tie right activator
		"from":[10,-0.5,4.99],
		"to":[12,1.5,7.01],
		"rotation": {"origin": [ 8, 1, 8 ], "axis": "y", "angle": 0 },
		"faces": {
			"down":{"uv":[10,5,12,7],"texture":"#block","cullface":Know2Good},
			"up":{"uv":[10,5,12,7],"texture":"#block","cullface":Know2Good},
			"north":{"uv":[10,5,12,7],"texture":"#block","cullface":Know2Good},
			"south":{"uv":[10,5,12,7],"texture":"#block","cullface":Know2Good},
			"west":{"uv":[10,5,12,7],"texture":"#block","cullface":Know2Good},
			"east":{"uv":[10,5,12,7],"texture":"#block","cullface":Know2Good}
		}
	},
	{
		"type":"cube", //Third tie
		"from":[0.995,0,8.995],
		"to":[15.005,1.005,11.005],
		"rotation": {"origin": [ 8, 1, 8 ], "axis": "y", "angle": 0 },
		"faces": {
			"down":{"uv":[1,9,15,11],"texture":"#block","cullface":Know2Good},
			"up":{"uv":[1,9,15,11],"texture":"#block","cullface":Know2Good},
			"north":{"uv":[1,9,15,11],"texture":"#block","cullface":Know2Good},
			"south":{"uv":[1,9,15,11],"texture":"#block","cullface":Know2Good},
			"west":{"uv":[14,9,15,11],"texture":"#block","cullface":Know2Good},
			"east":{"uv":[14,9,15,11],"texture":"#block","cullface":Know2Good}
		}
	},
	{
		"type":"cube", //Third tie left activator
		"from":[4,-0.5,8.99],
		"to":[6,1.5,11.01],
		"rotation": {"origin": [ 8, 1, 8 ], "axis": "y", "angle": 0 },
		"faces": {
			"down":{"uv":[4,9,6,11],"texture":"#block","cullface":Know2Good},
			"up":{"uv":[4,9,6,11],"texture":"#block","cullface":Know2Good},
			"north":{"uv":[4,9,6,11],"texture":"#block","cullface":Know2Good},
			"south":{"uv":[4,9,6,11],"texture":"#block","cullface":Know2Good},
			"west":{"uv":[4,9,6,11],"texture":"#block","cullface":Know2Good},
			"east":{"uv":[4,9,6,11],"texture":"#block","cullface":Know2Good}
		}
	},
	{
		"type":"cube", //Third tie right activator
		"from":[10,-0.5,8.99],
		"to":[12,1.5,11.01],
		"rotation": {"origin": [ 8, 1, 8 ], "axis": "y", "angle": 0 },
		"faces": {
			"down":{"uv":[10,9,12,11],"texture":"#block","cullface":Know2Good},
			"up":{"uv":[10,9,12,11],"texture":"#block","cullface":Know2Good},
			"north":{"uv":[10,9,12,11],"texture":"#block","cullface":Know2Good},
			"south":{"uv":[10,9,12,11],"texture":"#block","cullface":Know2Good},
			"west":{"uv":[10,9,12,11],"texture":"#block","cullface":Know2Good},
			"east":{"uv":[10,9,12,11],"texture":"#block","cullface":Know2Good}
		}
	},
	{
		"type":"cube", //Fourth tie
		"from":[0.995,0,12.995],
		"to":[15.005,1.005,15.005],
		"rotation": {"origin": [ 8, 1, 8 ], "axis": "y", "angle": 0 },
		"faces": {
			"down":{"uv":[1,13,15,15],"texture":"#block","cullface":Know2Good},
			"up":{"uv":[1,13,15,15],"texture":"#block","cullface":Know2Good},
			"north":{"uv":[1,13,15,15],"texture":"#block","cullface":Know2Good},
			"south":{"uv":[1,13,15,15],"texture":"#block","cullface":Know2Good},
			"west":{"uv":[14,13,15,15],"texture":"#block","cullface":Know2Good},
			"east":{"uv":[14,13,15,15],"texture":"#block","cullface":Know2Good}
		}
	},
	{
		"type":"cube", //Fourth tie left activator
		"from":[4,-0.5,12.99],
		"to":[6,1.5,15.01],
		"rotation": {"origin": [ 8, 1, 8 ], "axis": "y", "angle": 0 },
		"faces": {
			"down":{"uv":[4,13,6,15],"texture":"#block","cullface":Know2Good},
			"up":{"uv":[4,13,6,15],"texture":"#block","cullface":Know2Good},
			"north":{"uv":[4,13,6,15],"texture":"#block","cullface":Know2Good},
			"south":{"uv":[4,13,6,15],"texture":"#block","cullface":Know2Good},
			"west":{"uv":[4,13,6,15],"texture":"#block","cullface":Know2Good},
			"east":{"uv":[4,13,6,15],"texture":"#block","cullface":Know2Good}
		}
	},
	{
		"type":"cube", //Fourth tie right activator
		"from":[10,-0.5,12.99],
		"to":[12,1.5,15.01],
		"rotation": {"origin": [ 8, 1, 8 ], "axis": "y", "angle": 0 },
		"faces": {
			"down":{"uv":[10,13,12,15],"texture":"#block","cullface":Know2Good},
			"up":{"uv":[10,13,12,15],"texture":"#block","cullface":Know2Good},
			"north":{"uv":[10,13,12,15],"texture":"#block","cullface":Know2Good},
			"south":{"uv":[10,13,12,15],"texture":"#block","cullface":Know2Good},
			"west":{"uv":[10,13,12,15],"texture":"#block","cullface":Know2Good},
			"east":{"uv":[10,13,12,15],"texture":"#block","cullface":Know2Good}
		}
	}
],
"display": {
	"thirdperson": {
		"rotation": [ 0, 45, 1 ],
		"translation": [ 0, 0.5, 0 ],
		"scale": [ 1.1, 1.1, 1.1 ]
	},
	"firstperson": {
		"rotation": [ 0, 0, 0 ],
		"translation": [ 0, 0, 0 ],
		"scale": [ 1, 1, 1 ]
	},
	"gui": {
		"rotation": [ 0, 0, 0 ],
		"translation": [ 0, 0, 0 ],
		"scale": [ 1, 1, 1 ]
	}
}
}