{
"__comment":"Made by Know2Good, part of the 'Default 3D™' resource pack || Official download page: http://www.planetminecraft.com/texture_pack/default-3d-2985741/ || © Know2Good. All rights reserved. ",
"ambientocclusion": false,
"textures": {
	"block": "blocks/rail_activator_powered",
	"particle":"blocks/rail_activator_powered"
},
"elements":[
	{
		"type":"cube", //Left rail
		"from":[2.5,9,-3.32],
		"to":[3.5,10.5,19.32],
		"rotation": {"origin": [ 8, 9.65, 8 ], "axis": "x", "angle": 45 },
		"faces": {
			"down":{"uv":[3,0,4,16],"texture":"#block","cullface":Know2Good},
			"up":{"uv":[2,0,3,16],"texture":"#block","cullface":Know2Good},
			"north":{"uv":[12,0,13,1],"texture":"#block","cullface":Know2Good},
			"south":{"uv":[12,0,13,1],"texture":"#block","cullface":Know2Good},
			"west":{"uv":[2,0,3,16],"texture":"#block","cullface":Know2Good},
			"east":{"uv":[2,0,3,16],"texture":"#block","cullface":Know2Good}
		}
	},
	{
		"type":"cube", //Right rail
		"from":[12.5,9,-3.32],
		"to":[13.5,10.5,19.32],
		"rotation": {"origin": [ 8, 9.65, 8 ], "axis": "x", "angle": 45 },
		"faces": {
			"down":{"uv":[12,0,13,16],"texture":"#block","cullface":Know2Good},
			"up":{"uv":[13,0,14,16],"texture":"#block","cullface":Know2Good},
			"north":{"uv":[12,0,13,1],"texture":"#block","cullface":Know2Good},
			"south":{"uv":[12,0,13,1],"texture":"#block","cullface":Know2Good},
			"west":{"uv":[12,0,13,16],"texture":"#block","cullface":Know2Good},
			"east":{"uv":[13,0,14,16],"texture":"#block","cullface":Know2Good}
		}
	},
	{
		"type":"cube", //First tie
		"from":[1,8,-0.75],
		"to":[15,9.005,1.75],
		"rotation": {"origin": [ 8, 9.65, 8 ], "axis": "x", "angle": 45 },
		"faces": {
			"down":{"uv":[1,1,15,3],"texture":"#block","cullface":Know2Good},
			"up":{"uv":[1,1,15,3],"texture":"#block","cullface":Know2Good},
			"north":{"uv":[1,1,15,3],"texture":"#block","cullface":Know2Good},
			"south":{"uv":[1,1,15,3],"texture":"#block","cullface":Know2Good},
			"west":{"uv":[14,1,15,3],"texture":"#block","cullface":Know2Good},
			"east":{"uv":[14,1,15,3],"texture":"#block","cullface":Know2Good}
		}
	},
{
		"type":"cube", //First tie left activator
		"from":[4,7.75,-0.76],
		"to":[6,9.75,1.76],
		"rotation": {"origin": [ 8, 9.65, 8 ], "axis": "x", "angle": 45 },
		"faces": {
			"down":{"uv":[4,1,6,3],"texture":"#block","cullface":Know2Good},
			"up":{"uv":[4,1,6,3],"texture":"#block","cullface":Know2Good},
			"north":{"uv":[4,1,6,3],"texture":"#block","cullface":Know2Good},
			"south":{"uv":[4,1,6,3],"texture":"#block","cullface":Know2Good},
			"west":{"uv":[4,1,6,3],"texture":"#block","cullface":Know2Good},
			"east":{"uv":[4,1,6,3],"texture":"#block","cullface":Know2Good}
		}
	},
	{
		"type":"cube", //First tie right activator
		"from":[10,7.75,-0.76],
		"to":[12,9.75,1.76],
		"rotation": {"origin": [ 8, 9.65, 8 ], "axis": "x", "angle": 45 },
		"faces": {
			"down":{"uv":[10,1,12,3],"texture":"#block","cullface":Know2Good},
			"up":{"uv":[10,1,12,3],"texture":"#block","cullface":Know2Good},
			"north":{"uv":[10,1,12,3],"texture":"#block","cullface":Know2Good},
			"south":{"uv":[10,1,12,3],"texture":"#block","cullface":Know2Good},
			"west":{"uv":[10,1,12,3],"texture":"#block","cullface":Know2Good},
			"east":{"uv":[10,1,12,3],"texture":"#block","cullface":Know2Good}
		}
	},
	{
		"type":"cube", //Second tie
		"from":[1,8,4.25],
		"to":[15,9.005,6.75],
		"rotation": {"origin": [ 8, 9.65, 8 ], "axis": "x", "angle": 45 },
		"faces": {
			"down":{"uv":[1,5,15,7],"texture":"#block","cullface":Know2Good},
			"up":{"uv":[1,5,15,7],"texture":"#block","cullface":Know2Good},
			"north":{"uv":[1,5,15,7],"texture":"#block","cullface":Know2Good},
			"south":{"uv":[1,5,15,7],"texture":"#block","cullface":Know2Good},
			"west":{"uv":[14,5,15,7],"texture":"#block","cullface":Know2Good},
			"east":{"uv":[14,1,15,3],"texture":"#block","cullface":Know2Good}
		}
	},
	{
		"type":"cube", //Second tie left activator
		"from":[4,7.75,4.24],
		"to":[6,9.75,6.76],
		"rotation": {"origin": [ 8, 9.65, 8 ], "axis": "x", "angle": 45 },
		"faces": {
			"down":{"uv":[4,5,6,7],"texture":"#block","cullface":Know2Good},
			"up":{"uv":[4,5,6,7],"texture":"#block","cullface":Know2Good},
			"north":{"uv":[4,5,6,7],"texture":"#block","cullface":Know2Good},
			"south":{"uv":[4,5,6,7],"texture":"#block","cullface":Know2Good},
			"west":{"uv":[4,5,6,7],"texture":"#block","cullface":Know2Good},
			"east":{"uv":[4,5,6,7],"texture":"#block","cullface":Know2Good}
		}
	},
	{
		"type":"cube", //Second tie right activator
		"from":[10,7.75,4.24],
		"to":[12,9.75,6.76],
		"rotation": {"origin": [ 8, 9.65, 8 ], "axis": "x", "angle": 45 },
		"faces": {
			"down":{"uv":[10,5,12,7],"texture":"#block","cullface":Know2Good},
			"up":{"uv":[10,5,12,7],"texture":"#block","cullface":Know2Good},
			"north":{"uv":[10,5,12,7],"texture":"#block","cullface":Know2Good},
			"south":{"uv":[10,5,12,7],"texture":"#block","cullface":Know2Good},
			"west":{"uv":[10,5,12,7],"texture":"#block","cullface":Know2Good},
			"east":{"uv":[10,5,12,7],"texture":"#block","cullface":Know2Good}
		}
	},
	{
		"type":"cube", //Third tie
		"from":[1,8,9.25],
		"to":[15,9.005,11.75],
		"rotation": {"origin": [ 8, 9.65, 8 ], "axis": "x", "angle": 45 },
		"faces": {
			"down":{"uv":[1,9,15,11],"texture":"#block","cullface":Know2Good},
			"up":{"uv":[1,9,15,11],"texture":"#block","cullface":Know2Good},
			"north":{"uv":[1,9,15,11],"texture":"#block","cullface":Know2Good},
			"south":{"uv":[1,9,15,11],"texture":"#block","cullface":Know2Good},
			"west":{"uv":[14,9,15,11],"texture":"#block","cullface":Know2Good},
			"east":{"uv":[14,9,15,11],"texture":"#block","cullface":Know2Good}
		}
	},
	{
		"type":"cube", //Third tie left activator
		"from":[4,7.75,9.24],
		"to":[6,9.75,11.76],
		"rotation": {"origin": [ 8, 9.65, 8 ], "axis": "x", "angle": 45 },
		"faces": {
			"down":{"uv":[4,9,6,11],"texture":"#block","cullface":Know2Good},
			"up":{"uv":[4,9,6,11],"texture":"#block","cullface":Know2Good},
			"north":{"uv":[4,9,6,11],"texture":"#block","cullface":Know2Good},
			"south":{"uv":[4,9,6,11],"texture":"#block","cullface":Know2Good},
			"west":{"uv":[4,9,6,11],"texture":"#block","cullface":Know2Good},
			"east":{"uv":[4,9,6,11],"texture":"#block","cullface":Know2Good}
		}
	},
	{
		"type":"cube", //Third tie right activator
		"from":[10,7.75,9.24],
		"to":[12,9.75,11.76],
		"rotation": {"origin": [ 8, 9.65, 8 ], "axis": "x", "angle": 45 },
		"faces": {
			"down":{"uv":[10,9,12,11],"texture":"#block","cullface":Know2Good},
			"up":{"uv":[10,9,12,11],"texture":"#block","cullface":Know2Good},
			"north":{"uv":[10,9,12,11],"texture":"#block","cullface":Know2Good},
			"south":{"uv":[10,9,12,11],"texture":"#block","cullface":Know2Good},
			"west":{"uv":[10,9,12,11],"texture":"#block","cullface":Know2Good},
			"east":{"uv":[10,9,12,11],"texture":"#block","cullface":Know2Good}
		}
	},
	{
		"type":"cube", //Fourth tie
		"from":[1,8,14.25],
		"to":[15,9.005,16.75],
		"rotation": {"origin": [ 8, 9.65, 8 ], "axis": "x", "angle": 45 },
		"faces": {
			"down":{"uv":[1,13,15,15],"texture":"#block","cullface":Know2Good},
			"up":{"uv":[1,13,15,15],"texture":"#block","cullface":Know2Good},
			"north":{"uv":[1,13,15,15],"texture":"#block","cullface":Know2Good},
			"south":{"uv":[1,13,15,15],"texture":"#block","cullface":Know2Good},
			"west":{"uv":[14,13,15,15],"texture":"#block","cullface":Know2Good},
			"east":{"uv":[14,13,15,15],"texture":"#block","cullface":Know2Good}
		}
	},
	{
		"type":"cube", //Fourth tie left activator
		"from":[4,7.75,14.24],
		"to":[6,9.75,16.76],
		"rotation": {"origin": [ 8, 9.65, 8 ], "axis": "x", "angle": 45 },
		"faces": {
			"down":{"uv":[4,13,6,15],"texture":"#block","cullface":Know2Good},
			"up":{"uv":[4,13,6,15],"texture":"#block","cullface":Know2Good},
			"north":{"uv":[4,13,6,15],"texture":"#block","cullface":Know2Good},
			"south":{"uv":[4,13,6,15],"texture":"#block","cullface":Know2Good},
			"west":{"uv":[4,13,6,15],"texture":"#block","cullface":Know2Good},
			"east":{"uv":[4,13,6,15],"texture":"#block","cullface":Know2Good}
		}
	},
	{
		"type":"cube", //Fourth tie right activator
		"from":[10,7.75,14.24],
		"to":[12,9.75,16.76],
		"rotation": {"origin": [ 8, 9.65, 8 ], "axis": "x", "angle": 45 },
		"faces": {
			"down":{"uv":[10,13,12,15],"texture":"#block","cullface":Know2Good},
			"up":{"uv":[10,13,12,15],"texture":"#block","cullface":Know2Good},
			"north":{"uv":[10,13,12,15],"texture":"#block","cullface":Know2Good},
			"south":{"uv":[10,13,12,15],"texture":"#block","cullface":Know2Good},
			"west":{"uv":[10,13,12,15],"texture":"#block","cullface":Know2Good},
			"east":{"uv":[10,13,12,15],"texture":"#block","cullface":Know2Good}
		}
	}
],
"display": {
	"thirdperson": {
		"rotation": [ 0, 45, 1 ],
		"translation": [ 0, 0.5, 0 ],
		"scale": [ 1.1, 1.1, 1.1 ]
	},
	"firstperson": {
		"rotation": [ 0, 0, 0 ],
		"translation": [ 0, 0, 0 ],
		"scale": [ 1, 1, 1 ]
	},
	"gui": {
		"rotation": [ 0, 0, 0 ],
		"translation": [ 0, 0, 0 ],
		"scale": [ 1, 1, 1 ]
	}
}
}