{
	"__comment":"Made by Know2Good, part of the 'Default 3D™' resource pack || Official download page: http://www.planetminecraft.com/texture_pack/default-3d-2985741/ || © Know2Good. All rights reserved. ",
	"__comment":"No UV-bleed, OK coordinate, OK texture, OK cullface",
	"textures": {
        "particle": "blocks/bed_feet_top",
        "top": "blocks/bed_feet_top",
        "bottom": "blocks/planks_oak",
        "end": "blocks/bed_feet_end",
        "side": "blocks/bed_feet_side",
		"mattress": "blocks/wool_colored_white",
		"block": "blocks/planks_oak"
    },
	"elements": [
	{
		"type":"cube", //Blanket normal
		"from":[-0.5,5,-0.5],
		"to":[16.5,9,16],
		"rotation": {"origin": [ 8, 1, 8 ], "axis": "y", "angle": 0 },
		"faces": {
			"down":{"uv":	[0.01,0.01,15.99,15.99],"texture":"#top","cullface":"Know2Good","rotation":270},
			"up":{"uv":		[0.01,0.01,15.99,15.99],"texture":"#top","cullface":"Know2Good","rotation":90},
			"north":{"uv":	[15.99,7.01,0.01,10.99],"texture":"#end","cullface":"Know2Good"},
			"west":{"uv":	[15.99,7.01,0.01,10.99],"texture":"#side","cullface":"Know2Good"},
			"east":{"uv":	[15.99,7.01,0.01,10.99],"texture":"#side","cullface":"Know2Good"}
		}
	},
	{
		"type":"cube", //Matress
		"from":[0.5,4.999,0],
		"to":[15.5,6,15.5],
		"rotation": {"origin": [ 8, 1, 8 ], "axis": "y", "angle": 0 },
		"faces": {
			"down":{"uv":	[0.01,0.01,15.99,15.99],"texture":"#mattress","cullface":"Know2Good","rotation":270},
			"up":{"uv":		[0.01,0.01,15.99,15.99],"texture":"#mattress","cullface":"Know2Good","rotation":90}
		}
	},
	{
		"type":"cube", //Foot bar top
		"from":[3,3,0],
		"to":[13,5,1],
		"rotation": {"origin": [ 8, 1, 8 ], "axis": "y", "angle": 0 },
		"faces": {
			"down":{"uv":	[3.01,1.01,12.99,1.99],"texture":"#block","cullface":"Know2Good","rotation":180},
			"up":{"uv":		[3.01,0.01,12.99,0.99],"texture":"#block","cullface":"Know2Good"},
			"north":{"uv":	[3.01,0.01,12.99,1.99],"texture":"#block","cullface":"Know2Good"},
			"south":{"uv":	[12.99,0.01,3.01,1.99],"texture":"#block","cullface":"Know2Good"}
		}
	},
	{
		"type":"cube", //Foot bar left
		"from":[15,3,3],
		"to":[16,5,16],
		"rotation": {"origin": [ 8, 1, 8 ], "axis": "y", "angle": 0 },
		"faces": {
			"down":{"uv":	[0.01,1.01,12.99,1.99],"texture":"#block","cullface":"Know2Good","rotation":90},
			"west":{"uv":	[12.99,0.01,0.01,1.99],"texture":"#block","cullface":"Know2Good"},
			"east":{"uv":	[0.01,0.01,12.99,1.99],"texture":"#block","cullface":"Know2Good"}
		}
	},
	{
		"type":"cube", //Foot bar right
		"from":[0,3,3],
		"to":[1,5,16],
		"rotation": {"origin": [ 8, 1, 8 ], "axis": "y", "angle": 0 },
		"faces": {
			"down":{"uv":	[3.01,0.01,15.99,0.99],"texture":"#block","cullface":"Know2Good","rotation":90},
			"west":{"uv":	[3.01,0.01,15.99,1.99],"texture":"#block","cullface":"Know2Good","rotation":180},
			"east":{"uv":	[15.99,0.01,3.01,1.99],"texture":"#block","cullface":"Know2Good","rotation":180}
		}
	},
	{
		"type":"cube", //Foot leg left
		"from":[13,0,0],
		"to":[16,5,3],
		"rotation": {"origin": [ 8, 1, 8 ], "axis": "y", "angle": 0 },
		"faces": {
			"down":{"uv":	[10.01,0.01,10.99,0.99],"texture":"#block","cullface":"Know2Good"},
			"north":{"uv":	[10.01,0.01,14.99,2.99],"texture":"#block","cullface":"Know2Good","rotation":90},
			"south":{"uv":	[10.01,0.01,14.99,2.99],"texture":"#block","cullface":"Know2Good","rotation":90},
			"west":{"uv":	[10.01,0.01,14.99,2.99],"texture":"#block","cullface":"Know2Good","rotation":90},
			"east":{"uv":	[10.01,0.01,14.99,2.99],"texture":"#block","cullface":"Know2Good","rotation":90}
		}
	},
	{
		"type":"cube", //Foot leg right
		"from":[0,0,0],
		"to":[3,5,3],
		"rotation": {"origin": [ 8, 1, 8 ], "axis": "y", "angle": 0 },
		"faces": {
			"down":{"uv":	[10.01,0.01,10.99,0.99],"texture":"#block","cullface":"Know2Good"},
			"north":{"uv":	[10.01,0.01,14.99,2.99],"texture":"#block","cullface":"Know2Good","rotation":90},
			"south":{"uv":	[10.01,0.01,14.99,2.99],"texture":"#block","cullface":"Know2Good","rotation":90},
			"west":{"uv":	[10.01,0.01,14.99,2.99],"texture":"#block","cullface":"Know2Good","rotation":90},
			"east":{"uv":	[10.01,0.01,14.99,2.99],"texture":"#block","cullface":"Know2Good","rotation":90}
		}
	},
	{
		"type":"cube", //Bottom plank 1
		"from":[1,4.5,1],
		"to":[15,5,4],
		"rotation": {"origin": [ 8, 1, 8 ], "axis": "y", "angle": 0 },
		"faces": {
			"down":{"uv":	[1.01,12.01,14.99,14.99],"texture":"#block","cullface":"Know2Good"},
			"north":{"uv":	[1.01,14.01,14.99,14.99],"texture":"#block","cullface":"Know2Good","rotation":180},
			"south":{"uv":	[1.01,12.01,14.99,12.99],"texture":"#block","cullface":"Know2Good"}
		}
	},
	{
		"type":"cube", //Bottom plank 2
		"from":[1,4.5,5],
		"to":[15,5,8],
		"rotation": {"origin": [ 8, 1, 8 ], "axis": "y", "angle": 0 },
		"faces": {
			"down":{"uv":	[1.01,8.01,14.99,10.99],"texture":"#block","cullface":"Know2Good"},
			"north":{"uv":	[1.01,10.01,14.99,10.99],"texture":"#block","cullface":"Know2Good","rotation":180},
			"south":{"uv":	[1.01,8.01,14.99,8.99],"texture":"#block","cullface":"Know2Good"}
		}
	},
	{
		"type":"cube", //Bottom plank 3
		"from":[1,4.5,9],
		"to":[15,5,12],
		"rotation": {"origin": [ 8, 1, 8 ], "axis": "y", "angle": 0 },
		"faces": {
			"down":{"uv":	[1.01,4.01,14.99,6.99],"texture":"#block","cullface":"Know2Good"},
			"north":{"uv":	[1.01,6.01,14.99,6.99],"texture":"#block","cullface":"Know2Good","rotation":180},
			"south":{"uv":	[1.01,4.01,14.99,4.99],"texture":"#block","cullface":"Know2Good"}
		}
	},
	{
		"type":"cube", //Bottom plank 4
		"from":[1,4.5,13.01],
		"to":[15,5,15.99],
		"rotation": {"origin": [ 8, 1, 8 ], "axis": "y", "angle": 0 },
		"faces": {
			"down":{"uv":	[1.01,0.01,14.99,2.99],"texture":"#block","cullface":"Know2Good"},
			"north":{"uv":	[1.01,2.01,14.99,2.99],"texture":"#block","cullface":"Know2Good","rotation":180},
			"south":{"uv":	[1.01,0.01,14.99,0.99],"texture":"#block","cullface":"Know2Good"}
		}
	}
],
"display": {
	"thirdperson": {
		"rotation": [ 0, 45, 1 ],
		"translation": [ 0, 0.5, 0 ],
		"scale": [ 1.1, 1.1, 1.1 ]
	},
	"firstperson": {
		"rotation": [ 0, 0, 0 ],
		"translation": [ 0, 0, 0 ],
		"scale": [ 1, 1, 1 ]
	},
	"gui": {
		"rotation": [ 0, 0, 0 ],
		"translation": [ 0, 0, 0 ],
		"scale": [ 1, 1, 1 ]
	}
}
}