{
"__comment":"Made by Know2Good, part of the 'Default 3D™' resource pack || Official download page: http://www.planetminecraft.com/texture_pack/default-3d-2985741/ || © Know2Good. All rights reserved. ",
"__comment":"No UV-bleed, OK coordinate, OK texture, OK cullface",
"ambientocclusion": false,
"textures": {
	"block": "blocks/door_birch_upper",
	"particle":"blocks/door_birch_upper"
},
"elements":[
	{
		"type":"cube", //The inner block
		"from":[0.75,13,0],
		"to":[2.25,16,15],
		"rotation": {"origin": [ 8, 1, 8 ], "axis": "y", "angle": 0 },
		"faces": {
			"up":{"uv":		[1.01,1.01,15.99,1.99],"texture":"#block","cullface":"Know2Good","rotation":270},
			"north":{"uv":	[15.01,0.01,15.99,2.99],"texture":"#block","cullface":"Know2Good"},
			"west":{"uv":	[15.99,0.01,1.01,2.99],"texture":"#block","cullface":"Know2Good"},
			"east":{"uv":	[1.01,0.01,15.99,2.99],"texture":"#block","cullface":"Know2Good"}
		}
	},
	{
		"type":"cube", //The inner block
		"from":[0.75,0,13],
		"to":[2.25,13,15],
		"rotation": {"origin": [ 8, 1, 8 ], "axis": "y", "angle": 0 },
		"faces": {
			"north":{"uv":	[2.01,3.01,2.99,15.99],"texture":"#block","cullface":"Know2Good"}
		}
	},
	{
		"type":"cube", //The inner block
		"from":[0.75,0,0],
		"to":[2.25,13,1],
		"rotation": {"origin": [ 8, 1, 8 ], "axis": "y", "angle": 0 },
		"faces": {
			"north":{"uv":	[15.01,3.01,15.99,15.99],"texture":"#block","cullface":"Know2Good"},
			"west":{"uv":	[15.99,3.01,15.01,15.99],"texture":"#block","cullface":"Know2Good"},
			"east":{"uv":	[15.01,3.01,15.99,15.99],"texture":"#block","cullface":"Know2Good"}
		}
	},
	{
		"type":"cube", //Bottom hinge
		"from":[-0.25,0,15],
		"to":[3.25,1,16.25],
		"rotation": {"origin": [ 8, 1, 8 ], "axis": "y", "angle": 0 },
		"faces": {
			"up":{"uv":		[0.01,15.01,0.99,15.99],"texture":"#block","cullface":"Know2Good","rotation":270},
			"down":{"uv":	[0.01,15.01,0.99,15.99],"texture":"#block","cullface":"Know2Good","rotation":90},
			"north":{"uv":	[0.01,15.01,0.99,15.99],"texture":"#block","cullface":"Know2Good"},
			"south":{"uv":	[0.01,15.01,0.99,15.99],"texture":"#block","cullface":"Know2Good"},
			"west":{"uv":	[0.99,15.01,0.01,15.99],"texture":"#block","cullface":"Know2Good"},
			"east":{"uv":	[0.01,15.01,0.99,15.99],"texture":"#block","cullface":"Know2Good"}
		}
	},
	{
		"type":"cube", //Top hinge
		"from":[-0.25,10,15],
		"to":[3.25,12,16.25],
		"rotation": {"origin": [ 8, 1, 8 ], "axis": "y", "angle": 0 },
		"faces": {
			"up":{"uv":		[0.01,4.01,0.99,4.99],"texture":"#block","cullface":"Know2Good","rotation":270},
			"down":{"uv":	[0.01,5.01,0.99,5.99],"texture":"#block","cullface":"Know2Good","rotation":90},
			"north":{"uv":	[0.01,4.01,0.99,5.99],"texture":"#block","cullface":"Know2Good"},
			"south":{"uv":	[0.01,4.01,0.99,5.99],"texture":"#block","cullface":"Know2Good"},
			"west":{"uv":	[0.99,4.01,0.01,5.99],"texture":"#block","cullface":"Know2Good"},
			"east":{"uv":	[0.01,4.01,0.99,5.99],"texture":"#block","cullface":"Know2Good"}
		}
	},
	{
		"type":"cube", //Detail 1 left
		"from":[0.50,0,10],
		"to":[2.50,10,11],
		"rotation": {"origin": [ 8, 1, 8 ], "axis": "y", "angle": 0 },
		"faces": {
			"down":{"uv":	[5.01,15.01,5.99,15.99],"texture":"#block","cullface":"Know2Good","rotation":90},
			"north":{"uv":	[5.01,6.01,5.99,15.99],"texture":"#block","cullface":"Know2Good"},
			"south":{"uv":	[5.01,6.01,5.99,15.99],"texture":"#block","cullface":"Know2Good"},
			"west":{"uv":	[5.99,6.01,5.01,15.99],"texture":"#block","cullface":"Know2Good"},
			"east":{"uv":	[5.01,6.01,5.99,15.99],"texture":"#block","cullface":"Know2Good"}
		}
	},
	{
		"type":"cube", //Detail 1 right
		"from":[0.50,0,5],
		"to":[2.50,10,6],
		"rotation": {"origin": [ 8, 1, 8 ], "axis": "y", "angle": 0 },
		"faces": {
			"down":{"uv":	[10.01,15.01,10.99,15.99],"texture":"#block","cullface":"Know2Good","rotation":90},
			"north":{"uv":	[10.01,6.01,10.99,15.99],"texture":"#block","cullface":"Know2Good"},
			"south":{"uv":	[10.01,6.01,10.99,15.99],"texture":"#block","cullface":"Know2Good"},
			"west":{"uv":	[10.99,6.01,10.01,15.99],"texture":"#block","cullface":"Know2Good"},
			"east":{"uv":	[10.01,6.01,10.99,15.99],"texture":"#block","cullface":"Know2Good"}
		}
	},
	{
		"type":"cube", //Detail 2 left
		"from":[0.50,1,11],
		"to":[2.50,2,13],
		"rotation": {"origin": [ 8, 1, 8 ], "axis": "y", "angle": 0 },
		"faces": {
			"up":{"uv":		[3.01,14.01,4.99,14.99],"texture":"#block","cullface":"Know2Good","rotation":270},
			"down":{"uv":	[3.01,14.01,4.99,14.99],"texture":"#block","cullface":"Know2Good","rotation":90},
			"west":{"uv":	[4.99,14.01,3.01,14.99],"texture":"#block","cullface":"Know2Good"},
			"east":{"uv":	[3.01,14.01,4.99,14.99],"texture":"#block","cullface":"Know2Good"}
		}
	},
	{
		"type":"cube", //Detail 2 right
		"from":[0.50,1,3],
		"to":[2.50,2,5],
		"rotation": {"origin": [ 8, 1, 8 ], "axis": "y", "angle": 0 },
		"faces": {
			"up":{"uv":		[11.01,14.01,12.99,14.99],"texture":"#block","cullface":"Know2Good","rotation":270},
			"down":{"uv":	[11.01,14.01,12.99,14.99],"texture":"#block","cullface":"Know2Good","rotation":90},
			"west":{"uv":	[11.01,14.01,12.99,14.99],"texture":"#block","cullface":"Know2Good"},
			"east":{"uv":	[11.01,14.01,12.99,14.99],"texture":"#block","cullface":"Know2Good"}
		}
	},
	{
		"type":"cube", //Detail 3
		"from":[0.499,4,3],
		"to":[2.499,5,13],
		"rotation": {"origin": [ 8, 1, 8 ], "axis": "y", "angle": 0 },
		"faces": {
			"up":{"uv":		[3.01,11.01,12.99,11.99],"texture":"#block","cullface":"Know2Good","rotation":270},
			"down":{"uv":	[3.01,11.01,12.99,11.99],"texture":"#block","cullface":"Know2Good","rotation":90},
			"west":{"uv":	[12.99,11.01,3.01,11.99],"texture":"#block","cullface":"Know2Good"},
			"east":{"uv":	[3.01,11.01,12.99,11.99],"texture":"#block","cullface":"Know2Good"}
		}
	},
	{
		"type":"cube", //Detail 4 left
		"from":[0.50,7,11],
		"to":[2.50,8,13],
		"rotation": {"origin": [ 8, 1, 8 ], "axis": "y", "angle": 0 },
		"faces": {
			"up":{"uv":		[3.01,8.01,4.99,8.99],"texture":"#block","cullface":"Know2Good","rotation":270},
			"down":{"uv":	[3.01,8.01,4.99,8.99],"texture":"#block","cullface":"Know2Good","rotation":90},
			"west":{"uv":	[4.99,8.01,3.01,8.99],"texture":"#block","cullface":"Know2Good"},
			"east":{"uv":	[3.01,8.01,4.99,8.99],"texture":"#block","cullface":"Know2Good"}
		}
	},
	{
		"type":"cube", //Detail 4 right
		"from":[0.50,7,3],
		"to":[2.50,8,5],
		"rotation": {"origin": [ 8, 1, 8 ], "axis": "y", "angle": 0 },
		"faces": {
			"up":{"uv":		[11.01,8.01,12.99,8.99],"texture":"#block","cullface":"Know2Good","rotation":270},
			"down":{"uv":	[11.01,8.01,12.99,8.99],"texture":"#block","cullface":"Know2Good","rotation":90},
			"west":{"uv":	[11.01,8.01,12.99,8.99],"texture":"#block","cullface":"Know2Good"},
			"east":{"uv":	[11.01,8.01,12.99,8.99],"texture":"#block","cullface":"Know2Good"}
		}
	},
	{
		"type":"cube", //Detail 5
		"from":[0.499,10,3],
		"to":[2.499,11,13],
		"rotation": {"origin": [ 8, 1, 8 ], "axis": "y", "angle": 0 },
		"faces": {
			"up":{"uv":		[3.01,5.01,12.99,5.99],"texture":"#block","cullface":"Know2Good","rotation":270},
			"down":{"uv":	[3.01,5.01,12.99,5.99],"texture":"#block","cullface":"Know2Good","rotation":90},
			"west":{"uv":	[12.99,5.01,3.01,5.99],"texture":"#block","cullface":"Know2Good"},
			"east":{"uv":	[3.01,5.01,12.99,5.99],"texture":"#block","cullface":"Know2Good"}
		}
	},
	{
		"type":"cube", //Detail 6
		"from":[0.50,11,7],
		"to":[2.50,13,9],
		"rotation": {"origin": [ 8, 1, 8 ], "axis": "y", "angle": 0 },
		"faces": {
			"north":{"uv":	[8.01,3.01,8.99,4.99],"texture":"#block","cullface":"Know2Good"},
			"south":{"uv":	[7.01,3.01,7.99,4.99],"texture":"#block","cullface":"Know2Good"},
			"west":{"uv":	[8.99,3.01,7.01,4.99],"texture":"#block","cullface":"Know2Good"},
			"east":{"uv":	[7.01,3.01,8.99,4.99],"texture":"#block","cullface":"Know2Good"}
		}
	},
	{
		"type":"cube", //Middle hinge side
		"from":[1,0.002,15],
		"to":[2,15.998,16],
		"rotation": {"origin": [ 8, 1, 8 ], "axis": "y", "angle": 0 },
		"faces": {
			"up":{"uv":		[1.01,0.01,1.99,0.99],"texture":"#block","cullface":"Know2Good"},
			"south":{"uv":	[1.01,0.01,1.99,15.99],"texture":"#block","cullface":"Know2Good"}
		}
	},
	{
		"type":"cube", //Hinge side (east)
		"from":[2,0,13],
		"to":[3,15.998,16],
		"rotation": {"origin": [ 8, 1, 8 ], "axis": "y", "angle": 0 },
		"faces": {
			"up":{"uv":		[0.01,0.01,2.99,0.99],"texture":"#block","cullface":"Know2Good","rotation":270},
			"north":{"uv":	[2.01,0.01,2.99,15.99],"texture":"#block","cullface":"Know2Good"},
			"south":{"uv":	[0.01,0.01,0.99,15.99],"texture":"#block","cullface":"Know2Good"},
			"east":{"uv":	[0.01,0.01,2.99,15.99],"texture":"#block","cullface":"Know2Good"}
		}
	},
	{
		"type":"cube", //Hinge side (west)
		"from":[0,0,13],
		"to":[1,15.998,16],
		"rotation": {"origin": [ 8, 1, 8 ], "axis": "y", "angle": 0 },
		"faces": {
			"up":{"uv":		[0.01,0.01,2.99,0.99],"texture":"#block","cullface":"Know2Good","rotation":270},
			"north":{"uv":	[2.01,0.01,2.99,15.99],"texture":"#block","cullface":"Know2Good"},
			"south":{"uv":	[0.01,0.01,0.99,15.99],"texture":"#block","cullface":"Know2Good"},
			"west":{"uv":	[2.99,0.01,0.01,15.99],"texture":"#block","cullface":"Know2Good"}
		}
	},
	{
		"type":"cube", //Middle
		"from":[0,13,3],
		"to":[3,15.998,13],
		"rotation": {"origin": [ 8, 1, 8 ], "axis": "y", "angle": 0 },
		"faces": {
			"up":{"uv":		[3.01,0.01,12.99,0.99],"texture":"#block","cullface":"Know2Good","rotation":270},
			"down":{"uv":	[3.01,2.01,12.99,2.99],"texture":"#block","cullface":"Know2Good","rotation":90},
			"north":{"uv":	[12.01,0.01,12.99,2.99],"texture":"#block","cullface":"Know2Good"},
			"south":{"uv":	[3.01,0.01,3.99,2.99],"texture":"#block","cullface":"Know2Good"},
			"west":{"uv":	[12.99,0.01,3.01,2.99],"texture":"#block","cullface":"Know2Good"},
			"east":{"uv":	[3.01,0.01,12.99,2.99],"texture":"#block","cullface":"Know2Good"}
		}
	},
	{
		"type":"cube", //Right
		"from":[0,0,1],
		"to":[3,15.998,3],
		"rotation": {"origin": [ 8, 1, 8 ], "axis": "y", "angle": 0 },
		"faces": {
			"up":{"uv":		[13.01,0.01,14.99,0.99],"texture":"#block","cullface":"Know2Good","rotation":270},
			"down":{"uv":	[13.01,15.01,14.99,15.99],"texture":"#block","cullface":"Know2Good","rotation":90},
			"north":{"uv":	[14.01,0.01,14.99,15.99],"texture":"#block","cullface":"Know2Good"},
			"south":{"uv":	[13.01,0.01,13.99,15.99],"texture":"#block","cullface":"Know2Good"},
			"west":{"uv":	[14.99,0.01,13.01,15.99],"texture":"#block","cullface":"Know2Good"},
			"east":{"uv":	[13.01,0.01,14.99,15.99],"texture":"#block","cullface":"Know2Good"}
		}
	},
	{
		"type":"cube", //Handle
		"from":[-0.75,0,1],
		"to":[3.75,2,2],
		"rotation": {"origin": [ 8, 1, 8 ], "axis": "y", "angle": 0 },
		"faces": {
			"up":{"uv":		[14.01,14.01,14.99,14.99],"texture":"#block","cullface":"Know2Good","rotation":270},
			"down":{"uv":	[14.01,15.01,14.99,15.99],"texture":"#block","cullface":"Know2Good","rotation":90},
			"north":{"uv":	[14.01,14.01,14.99,15.99],"texture":"#block","cullface":"Know2Good"},
			"south":{"uv":	[14.01,14.01,14.99,15.99],"texture":"#block","cullface":"Know2Good"},
			"west":{"uv":	[14.99,14.01,14.01,15.99],"texture":"#block","cullface":"Know2Good"},
			"east":{"uv":	[14.01,14.01,14.99,15.99],"texture":"#block","cullface":"Know2Good"}
		}
	},
	{
		"type":"cube", //Prevent handle
		"from":[0,0,0.998],
		"to":[3,2,1.001],
		"rotation": {"origin": [ 8, 1, 8 ], "axis": "y", "angle": 0 },
		"faces": {
			"north":{"uv":	[14.01,6.01,14.99,7.99],"texture":"#block","cullface":"Know2Good"}
		}
	}
],
"display": {
	"thirdperson": {
		"rotation": [ 0, 45, 1 ],
		"translation": [ 0, 0.5, 0 ],
		"scale": [ 1.1, 1.1, 1.1 ]
	},
	"firstperson": {
		"rotation": [ 0, 0, 0 ],
		"translation": [ 0, 0, 0 ],
		"scale": [ 1, 1, 1 ]
	},
	"gui": {
		"rotation": [ 0, 0, 0 ],
		"translation": [ 0, 0, 0 ],
		"scale": [ 1, 1, 1 ]
	}
}
}