{
"__comment":"Made by Know2Good, part of the 'Default 3D™' resource pack || Official download page: http://www.planetminecraft.com/texture_pack/default-3d-2985741/ || © Know2Good. All rights reserved. ",
"__comment":"No UV-bleed, OK coordinate, OK texture, OK cullface",
"ambientocclusion": false,
"textures": {
	"block": "blocks/door_birch_lower",
	"particle":"blocks/door_birch_lower"
},
"elements":[
	{
		"type":"cube", //The inner block
		"from":[0.75,0,0],
		"to":[2.25,12,15],
		"rotation": {"origin": [ 8, 1, 8 ], "axis": "y", "angle": 0 },
		"faces": {
			"down":{"uv":	[1.01,15.01,15.99,15.99],"texture":"#block","cullface":"Know2Good","rotation":90},
			"north":{"uv":	[15.01,4.01,15.99,15.99],"texture":"#block","cullface":"Know2Good"},
			"west":{"uv":	[15.99,4.01,1.01,15.99],"texture":"#block","cullface":"Know2Good"},
			"east":{"uv":	[1.01,4.01,15.99,15.99],"texture":"#block","cullface":"Know2Good"}
		}
	},
	{
		"type":"cube", //The inner block
		"from":[0.75,12,13],
		"to":[2.25,16,15],
		"rotation": {"origin": [ 8, 1, 8 ], "axis": "y", "angle": 0 },
		"faces": {
			"north":{"uv":	[2.01,0.01,2.99,3.99],"texture":"#block","cullface":"Know2Good"}
		}
	},
	{
		"type":"cube", //The inner block
		"from":[0.75,12,0],
		"to":[2.25,16,1],
		"rotation": {"origin": [ 8, 1, 8 ], "axis": "y", "angle": 0 },
		"faces": {
			"north":{"uv":	[15.01,0.01,15.99,3.99],"texture":"#block","cullface":"Know2Good"},
			"west":{"uv":	[15.99,0.01,15.01,3.99],"texture":"#block","cullface":"Know2Good"},
			"east":{"uv":	[15.01,0.01,15.99,3.99],"texture":"#block","cullface":"Know2Good"}
		}
	},
	{
		"type":"cube", //Bottom hinge
		"from":[-0.25,4,15],
		"to":[3.25,6,16.25],
		"rotation": {"origin": [ 8, 1, 8 ], "axis": "y", "angle": 0 },
		"faces": {
			"up":{"uv":		[0.01,10.01,0.99,10.99],"texture":"#block","cullface":"Know2Good","rotation":270},
			"down":{"uv":	[0.01,11.01,0.99,11.99],"texture":"#block","cullface":"Know2Good","rotation":90},
			"north":{"uv":	[0.01,10.01,0.99,11.99],"texture":"#block","cullface":"Know2Good"},
			"south":{"uv":	[0.01,10.01,0.99,11.99],"texture":"#block","cullface":"Know2Good"},
			"west":{"uv":	[0.99,10.01,0.01,11.99],"texture":"#block","cullface":"Know2Good"},
			"east":{"uv":	[0.01,10.01,0.99,11.99],"texture":"#block","cullface":"Know2Good"}
		}
	},
	{
		"type":"cube", //Top hinge
		"from":[-0.25,15,15],
		"to":[3.25,16,16.25],
		"rotation": {"origin": [ 8, 1, 8 ], "axis": "y", "angle": 0 },
		"faces": {
			"up":{"uv":		[0.01,0.01,0.99,0.99],"texture":"#block","cullface":"Know2Good","rotation":270},
			"down":{"uv":	[0.01,0.01,0.99,0.99],"texture":"#block","cullface":"Know2Good","rotation":90},
			"north":{"uv":	[0.01,0.01,0.99,0.99],"texture":"#block","cullface":"Know2Good"},
			"south":{"uv":	[0.01,0.01,0.99,0.99],"texture":"#block","cullface":"Know2Good"},
			"west":{"uv":	[0.99,0.01,0.01,0.99],"texture":"#block","cullface":"Know2Good"},
			"east":{"uv":	[0.01,0.01,0.99,0.99],"texture":"#block","cullface":"Know2Good"}
		}
	},
	{
		"type":"cube", //Detail 1
		"from":[0.50,12,7],
		"to":[2.50,14,9],
		"rotation": {"origin": [ 8, 1, 8 ], "axis": "y", "angle": 0 },
		"faces": {
			"north":{"uv":	[8.01,2.01,8.99,3.99],"texture":"#block","cullface":"Know2Good"},
			"south":{"uv":	[7.01,2.01,7.99,3.99],"texture":"#block","cullface":"Know2Good"},
			"west":{"uv":	[8.99,2.01,7.01,3.99],"texture":"#block","cullface":"Know2Good"},
			"east":{"uv":	[7.01,2.01,8.99,3.99],"texture":"#block","cullface":"Know2Good"}
		}
	},
	{
		"type":"cube", //Detail 2
		"from":[0.50,14,3],
		"to":[2.50,15,13],
		"rotation": {"origin": [ 8, 1, 8 ], "axis": "y", "angle": 0 },
		"faces": {
			"up":{"uv":		[3.01,1.01,12.99,1.99],"texture":"#block","cullface":"Know2Good","rotation":270},
			"down":{"uv":	[3.01,1.01,12.99,1.99],"texture":"#block","cullface":"Know2Good","rotation":90},
			"north":{"uv":	[12.01,1.01,12.99,1.99],"texture":"#block","cullface":"Know2Good"},
			"south":{"uv":	[3.01,1.01,3.99,1.99],"texture":"#block","cullface":"Know2Good"},
			"west":{"uv":	[12.99,1.01,3.01,1.99],"texture":"#block","cullface":"Know2Good"},
			"east":{"uv":	[3.01,1.01,12.99,1.99],"texture":"#block","cullface":"Know2Good"}
		}
	},
	{
		"type":"cube", //Detail 3 left
		"from":[0.50,15,10],
		"to":[2.50,16,11],
		"rotation": {"origin": [ 8, 1, 8 ], "axis": "y", "angle": 0 },
		"faces": {
			"up":{"uv":		[5.01,0.01,5.99,0.99],"texture":"#block","cullface":"Know2Good","rotation":270},
			"north":{"uv":	[5.01,0.01,5.99,0.99],"texture":"#block","cullface":"Know2Good"},
			"south":{"uv":	[5.01,0.01,5.99,0.99],"texture":"#block","cullface":"Know2Good"},
			"west":{"uv":	[5.99,0.01,5.01,0.99],"texture":"#block","cullface":"Know2Good"},
			"east":{"uv":	[5.01,0.01,5.99,0.99],"texture":"#block","cullface":"Know2Good"}
		}
	},
	{
		"type":"cube", //Detail 3 right
		"from":[0.50,15,5],
		"to":[2.50,16,6],
		"rotation": {"origin": [ 8, 1, 8 ], "axis": "y", "angle": 0 },
		"faces": {
			"up":{"uv":		[10.01,0.01,10.99,0.99],"texture":"#block","cullface":"Know2Good","rotation":270},
			"north":{"uv":	[10.01,0.01,10.99,0.99],"texture":"#block","cullface":"Know2Good"},
			"south":{"uv":	[10.01,0.01,10.99,0.99],"texture":"#block","cullface":"Know2Good"},
			"west":{"uv":	[10.01,0.01,10.99,0.99],"texture":"#block","cullface":"Know2Good"},
			"east":{"uv":	[10.01,0.01,10.99,0.99],"texture":"#block","cullface":"Know2Good"}
		}
	},
	{
		"type":"cube", //Middle hinge side
		"from":[1,0.002,15],
		"to":[2,16,16],
		"rotation": {"origin": [ 8, 1, 8 ], "axis": "y", "angle": 0 },
		"faces": {
			"down":{"uv":	[1.01,15.01,1.99,15.99],"texture":"#block","cullface":"down"},
			"south":{"uv":	[1.01,0.01,1.99,15.99],"texture":"#block","cullface":"Know2Good"}
		}
	},
	{
		"type":"cube", //Hinge side (east)
		"from":[2,0.002,13],
		"to":[3,16,16],
		"rotation": {"origin": [ 8, 1, 8 ], "axis": "y", "angle": 0 },
		"faces": {
			"down":{"uv":	[0.01,15.01,2.99,15.99],"texture":"#block","cullface":"Know2Good","rotation":90},
			"north":{"uv":	[2.01,0.01,2.99,15.99],"texture":"#block","cullface":"Know2Good"},
			"south":{"uv":	[0.01,0.01,0.99,15.99],"texture":"#block","cullface":"Know2Good"},
			"east":{"uv":	[0.01,0.01,2.99,15.99],"texture":"#block","cullface":"Know2Good"}
		}
	},
	{
		"type":"cube", //Hinge side (west)
		"from":[0,0.002,13],
		"to":[1,16,16],
		"rotation": {"origin": [ 8, 1, 8 ], "axis": "y", "angle": 0 },
		"faces": {
			"down":{"uv":	[0.01,15.01,2.99,15.99],"texture":"#block","cullface":"Know2Good","rotation":90},
			"north":{"uv":	[2.01,0.01,2.99,15.99],"texture":"#block","cullface":"Know2Good"},
			"south":{"uv":	[0.01,0.01,0.99,15.99],"texture":"#block","cullface":"Know2Good"},
			"west":{"uv":	[2.99,0.01,0.01,15.99],"texture":"#block","cullface":"Know2Good"}
		}
	},
	{
		"type":"cube", //Middle
		"from":[0,0.002,3],
		"to":[3,12,13],
		"rotation": {"origin": [ 8, 1, 8 ], "axis": "y", "angle": 0 },
		"faces": {
			"up":{"uv":		[3.01,4.01,12.99,4.99],"texture":"#block","cullface":"Know2Good","rotation":270},
			"down":{"uv":	[3.01,15.01,12.99,15.99],"texture":"#block","cullface":"Know2Good","rotation":90},
			"north":{"uv":	[12.01,4.01,12.99,15.99],"texture":"#block","cullface":"Know2Good"},
			"south":{"uv":	[3.01,4.01,3.99,15.99],"texture":"#block","cullface":"Know2Good"},
			"west":{"uv":	[12.99,4.01,3.01,15.99],"texture":"#block","cullface":"Know2Good"},
			"east":{"uv":	[3.01,4.01,12.99,15.99],"texture":"#block","cullface":"Know2Good"}
		}
	},
	{
		"type":"cube", //Right
		"from":[0,0.002,1],
		"to":[3,16,3],
		"rotation": {"origin": [ 8, 1, 8 ], "axis": "y", "angle": 0 },
		"faces": {
			"up":{"uv":		[13.01,0.01,14.99,0.99],"texture":"#block","cullface":"Know2Good","rotation":270},
			"down":{"uv":	[13.01,15.01,14.99,15.99],"texture":"#block","cullface":"Know2Good","rotation":90},
			"north":{"uv":	[14.01,0.01,14.99,15.99],"texture":"#block","cullface":"Know2Good"},
			"south":{"uv":	[13.01,0.01,13.99,15.99],"texture":"#block","cullface":"Know2Good"},
			"west":{"uv":	[14.99,0.01,13.01,15.99],"texture":"#block","cullface":"Know2Good"},
			"east":{"uv":	[13.01,0.01,14.99,15.99],"texture":"#block","cullface":"Know2Good"}
		}
	}
],
"display": {
	"thirdperson": {
		"rotation": [ 0, 45, 1 ],
		"translation": [ 0, 0.5, 0 ],
		"scale": [ 1.1, 1.1, 1.1 ]
	},
	"firstperson": {
		"rotation": [ 0, 0, 0 ],
		"translation": [ 0, 0, 0 ],
		"scale": [ 1, 1, 1 ]
	},
	"gui": {
		"rotation": [ 0, 0, 0 ],
		"translation": [ 0, 0, 0 ],
		"scale": [ 1, 1, 1 ]
	}
}
}