[
    {
        "name": "Steel Hull",
        "strength": 175,
        "mass": 7580,
        "colour": "#A0A0A0",
        "isHull": true,
		"Cost": 6988
    },
    {
        "name": "Steel",
        "strength": 160,
        "mass": 7480,
        "colour": "#D8D8D8",
		"Cost": 5909
    },
    {
        "name": "Iron Hull",
        "strength": 110,
        "mass": 7950,
        "colour": "#404050",
        "isHull": true,
		"Cost": 367
    },
    {
        "name": "Iron",
        "strength": 100,
        "mass": 7850,
        "colour": "#808090",
		"Cost": 362
    },
    {
        "name": "Wooden Hull",
        "strength": 50,
        "mass": 1000,
        "colour": "#905020",
        "isHull": true,
		"Cost": 31
    },
    {
        "name": "Wood",
        "strength": 40,
        "mass": 800,
        "colour": "#E0D8C0",
		"Cost": 25
    },
    {
        "name": "Titanium Hull",
        "strength": 150,
        "mass": 4600,
        "colour": "#565663",
        "isHull": true,
		"Cost": 35420
    },
    {
        "name": "Titanium",
        "strength": 140,
        "mass": 4500,
        "colour": "#787896",
		"Cost": 34650
    },
    {
        "name": "Cardboard Hull",
        "strength": 5,
        "mass": 30,
        "colour": "#A88848",
        "isHull": true,
		"Cost": 3
    },
    {
        "name": "Cardboard",
        "strength": 5,
        "mass": 20,
        "colour": "#C1A46A",
		"Cost": 2
    },
    {
        "name": "Rope",
        "strength": 80,
        "mass": 300,
        "colour": "#000000",
        "isHull": true,
		"isRope": true,
		"Cost": 29
    },
    {
        "name": "SH_Red",
        "strength": 175,
        "mass": 7580,
        "colour": "#A71000",
        "isHull": true,
		"Cost": 6988
    },
    {
        "name": "S_Red",
        "strength": 160,
        "mass": 7480,
        "colour": "#D80E00",
		"Cost": 5909
    },
    {
        "name": "IH_Red",
        "strength": 110,
        "mass": 7950,
        "colour": "#840E00",
        "isHull": true,
		"Cost": 367
    },
    {
        "name": "I_Red",
        "strength": 100,
        "mass": 7850,
        "colour": "#9E0F00",
		"Cost": 362
    },
    {
        "name": "WH_Red",
        "strength": 10,
        "mass": 1000,
        "colour": "#9E2E0C",
        "isHull": true,
		"Cost": 31
    },
    {
        "name": "W_Red",
        "strength": 5,
        "mass": 800,
        "colour": "#B51B1B",
		"Cost": 25
    },
    {
        "name": "TH_Red",
        "strength": 150,
        "mass": 4600,
        "colour": "#8F1F00",
        "isHull": true,
		"Cost": 35420
    },
    {
        "name": "T_Red",
        "strength": 140,
        "mass": 4500,
        "colour": "#BE1400",
		"Cost": 34650
    },
    {
        "name": "SH_Yel",
        "strength": 175,
        "mass": 7580,
        "colour": "#A27A00",
        "isHull": true,
		"Cost": 6988
    },
    {
        "name": "S_Yel",
        "strength": 160,
        "mass": 7480,
        "colour": "#D29800",
		"Cost": 5909
    },
    {
        "name": "IH_Yel",
        "strength": 110,
        "mass": 7950,
        "colour": "#806200",
        "isHull": true,
		"Cost": 367
    },
    {
        "name": "I_Yel",
        "strength": 100,
        "mass": 7850,
        "colour": "#997200",
		"Cost": 362
    },
    {
        "name": "WH_Yel",
        "strength": 10,
        "mass": 1000,
        "colour": "#998B0A",
        "isHull": true,
		"Cost": 31
    },
    {
        "name": "W_Yel",
        "strength": 5,
        "mass": 800,
        "colour": "#AF7C18",
		"Cost": 25
    },
    {
        "name": "TH_Yel",
        "strength": 150,
        "mass": 4600,
        "colour": "#8B7A00",
        "isHull": true,
		"Cost": 35420
    },
    {
        "name": "T_Yel",
        "strength": 140,
        "mass": 4500,
        "colour": "#B88D00",
		"Cost": 34650
    },
    {
        "name": "SH_Gre",
        "strength": 175,
        "mass": 7580,
        "colour": "#5A9B00",
        "isHull": true,
		"Cost": 6988
    },
    {
        "name": "S_Gre",
        "strength": 160,
        "mass": 7480,
        "colour": "#7BC800",
		"Cost": 5909
    },
    {
        "name": "IH_Gre",
        "strength": 110,
        "mass": 7950,
        "colour": "#467B00",
        "isHull": true,
		"Cost": 367
    },
    {
        "name": "I_Gre",
        "strength": 100,
        "mass": 7850,
        "colour": "#569200",
		"Cost": 362
    },
    {
        "name": "WH_Gre",
        "strength": 10,
        "mass": 1000,
        "colour": "#439206",
        "isHull": true,
		"Cost": 31
    },
    {
        "name": "W_Gre",
        "strength": 5,
        "mass": 800,
        "colour": "#78A814",
		"Cost": 25
    },
    {
        "name": "TH_Gre",
        "strength": 150,
        "mass": 4600,
        "colour": "#3C8400",
        "isHull": true,
		"Cost": 35420
    },
    {
        "name": "T_Gre",
        "strength": 140,
        "mass": 4500,
        "colour": "#66B100",
		"Cost": 34650
    },
    {
        "name": "SH_Blue",
        "strength": 175,
        "mass": 7580,
        "colour": "#008A95",
        "isHull": true,
		"Cost": 6988
    },
    {
        "name": "S_Blue",
        "strength": 160,
        "mass": 7480,
        "colour": "#00B6BF",
		"Cost": 5909
    },
    {
        "name": "IH_Blue",
        "strength": 110,
        "mass": 7950,
        "colour": "#006A76",
        "isHull": true,
		"Cost": 367
    },
    {
        "name": "I_Blue",
        "strength": 100,
        "mass": 7850,
        "colour": "#00818C",
		"Cost": 362
    },
    {
        "name": "WH_Blue",
        "strength": 10,
        "mass": 1000,
        "colour": "#036E8C",
        "isHull": true,
		"Cost": 31
    },
    {
        "name": "W_Blue",
        "strength": 5,
        "mass": 800,
        "colour": "#10A19D",
		"Cost": 25
    },
    {
        "name": "TH_Blue",
        "strength": 150,
        "mass": 4600,
        "colour": "#00657E",
        "isHull": true,
		"Cost": 35420
    },
    {
        "name": "T_Blue",
        "strength": 140,
        "mass": 4500,
        "colour": "#009BA9",
		"Cost": 34650
    },
    {
        "name": "SH_Blue2",
        "strength": 175,
        "mass": 7580,
        "colour": "#22437B",
        "isHull": true,
		"Cost": 6988
    },
    {
        "name": "S_Blue2",
        "strength": 160,
        "mass": 7480,
        "colour": "#2D58A0",
		"Cost": 5909
    },
    {
        "name": "IH_Blue2",
        "strength": 110,
        "mass": 7950,
        "colour": "#1B3261",
        "isHull": true,
		"Cost": 367
    },
    {
        "name": "I_Blue2",
        "strength": 100,
        "mass": 7850,
        "colour": "#203E74",
		"Cost": 362
    },
    {
        "name": "WH_Blue2",
        "strength": 10,
        "mass": 1000,
        "colour": "#1E3070",
        "isHull": true,
		"Cost": 31
    },
    {
        "name": "W_Blue2",
        "strength": 5,
        "mass": 800,
        "colour": "#325989",
		"Cost": 25
    },
    {
        "name": "TH_Blue2",
        "strength": 150,
        "mass": 4600,
        "colour": "#1A2C66",
        "isHull": true,
		"Cost": 35420
    },
    {
        "name": "T_Blue2",
        "strength": 140,
        "mass": 4500,
        "colour": "#26498C",
		"Cost": 34650
    },
    {
        "name": "SH_Pink",
        "strength": 175,
        "mass": 7580,
        "colour": "#A900A7",
        "isHull": true,
		"Cost": 6988
    },
    {
        "name": "S_Pink",
        "strength": 160,
        "mass": 7480,
        "colour": "#D100D6",
		"Cost": 5909
    },
    {
        "name": "IH_Pink",
        "strength": 110,
        "mass": 7950,
        "colour": "#860080",
        "isHull": true,
		"Cost": 367
    },
    {
        "name": "I_Pink",
        "strength": 100,
        "mass": 7850,
        "colour": "#9F009C",
		"Cost": 362
    },
    {
        "name": "WH_Pink",
        "strength": 10,
        "mass": 1000,
        "colour": "#A30085",
        "isHull": true,
		"Cost": 31
    },
    {
        "name": "W_Pink",
        "strength": 5,
        "mass": 800,
        "colour": "#9B00AF",
		"Cost": 25
    },
    {
        "name": "TH_Pink",
        "strength": 150,
        "mass": 4600,
        "colour": "#93007B",
        "isHull": true,
		"Cost": 35420
    },
    {
        "name": "T_Pink",
        "strength": 140,
        "mass": 4500,
        "colour": "#BF00BA",
		"Cost": 34650
    },
    {
        "name": "SH_Orange",
        "strength": 175,
        "mass": 7580,
        "colour": "#D45B00",
        "isHull": true,
		"Cost": 6988
    },
    {
        "name": "S_Orange",
        "strength": 160,
        "mass": 7480,
        "colour": "#F26500",
		"Cost": 5909
    },
    {
        "name": "IH_Orange",
        "strength": 110,
        "mass": 7950,
        "colour": "#A84F00",
        "isHull": true,
		"Cost": 367
    },
    {
        "name": "I_Orange",
        "strength": 100,
        "mass": 7850,
        "colour": "#C85800",
		"Cost": 362
    },
    {
        "name": "WH_Orange",
        "strength": 10,
        "mass": 1000,
        "colour": "#CE8100",
        "isHull": true,
		"Cost": 31
    },
    {
        "name": "W_Orange",
        "strength": 5,
        "mass": 800,
        "colour": "#DE4000",
		"Cost": 25
    },
    {
        "name": "TH_Orange",
        "strength": 150,
        "mass": 4600,
        "colour": "#BA7100",
        "isHull": true,
		"Cost": 35420
    },
    {
        "name": "T_Orange",
        "strength": 140,
        "mass": 4500,
        "colour": "#EF6B00",
		"Cost": 34650
    },
    {
        "name": "DB_S_Red",
        "strength": 320,
        "mass": 6500,
        "colour": "#A21000",
        "isHull": true,
		"Cost": 11880
    },
    {
        "name": "DB_I_Red",
        "strength": 250,
        "mass": 7500,
        "colour": "#7E0C00",
        "isHull": true,
		"Cost": 624
    },
    {
        "name": "DB_T_Red",
        "strength": 400,
        "mass": 6500,
        "colour": "#842005",
        "isHull": true,
		"Cost": 60214
    },
    {
        "name": "Glass",
        "strength": 40,
        "mass": 1000,
        "colour": "#E5FFFF",
        "isHull": true,
		"Cost": 41
    },
    {
        "name": "Carbon Hull",
        "strength": 600,
        "mass": 758,
        "colour": "#1A1A1A",
        "isHull": true,
		"Cost": 106120
    },
    {
        "name": "Carbon",
        "strength": 600,
        "mass": 728,
        "colour": "#232323",
		"Cost": 101920
    },
	    {
        "name": "BS Hull",
        "strength": 175,
        "mass": 7580,
        "colour": "#111111",
        "isHull": true,
		"Cost": 6988
    },
    {
        "name": "Black Steel",
        "strength": 160,
        "mass": 7480,
        "colour": "#262626",
		"Cost": 5909
    },
    {
        "name": "DB_W_Red",
        "strength": 200,
        "mass": 1600,
        "colour": "#9B3012",
        "isHull": true,
		"Cost": 53
    }
]