{
"__comment":"Made by Know2Good, part of the 'Default 3D™' resource pack || Official download page: http://www.planetminecraft.com/texture_pack/default-3d-2985741/ || © Know2Good. All rights reserved. ",
"__comment":"No UV-bleed, OK coordinate, OK texture, OK cullface",

"textures": {
	"block": "block/iron_bars",
	"particle":"block/iron_bars"
},
"elements":[
	{
		"__comment":"Center",
		"from":[7,0,7],
		"to":[9,16,9],
		"faces": {
			"down":{"uv":	[7.01,14.01,8.99,15.99],"texture":"#block","cullface":"Know2Good"},
			"up":{"uv":		[7.01,0.01,8.99,1.99],"texture":"#block","cullface":"Know2Good"},
			"north":{"uv":	[7.01,0.01,8.99,15.99],"texture":"#block","cullface":"Know2Good"},
			"south":{"uv":	[7.01,0.01,8.99,15.99],"texture":"#block","cullface":"Know2Good"},
			"west":{"uv":	[8.99,0.01,7.01,15.99],"texture":"#block","cullface":"Know2Good"},
			"east":{"uv":	[8.99,0.01,7.01,15.99],"texture":"#block","cullface":"Know2Good"}
		}
	},
	{
		"__comment":"North",
		"from":[7,0,2],
		"to":[9,16,4],
		"faces": {
			"down":{"uv":	[2.01,14.01,3.99,15.99],"texture":"#block","cullface":"Know2Good"},
			"up":{"uv":		[2.01,0.01,3.99,1.99],"texture":"#block","cullface":"Know2Good"},
			"north":{"uv":	[2.01,0.01,3.99,15.99],"texture":"#block","cullface":"Know2Good"},
			"south":{"uv":	[2.01,0.01,3.99,15.99],"texture":"#block","cullface":"Know2Good"},
			"west":{"uv":	[3.99,0.01,2.01,15.99],"texture":"#block","cullface":"Know2Good"},
			"east":{"uv":	[3.99,0.01,2.01,15.99],"texture":"#block","cullface":"Know2Good"}
		}
	},
	{
		"__comment":"North-center",
		"from":[7.5,12,4],
		"to":[8.5,14,7],
		"faces": {
			"down":{"uv":	[4.01,3.01,6.99,3.99],"texture":"#block","cullface":"Know2Good","rotation":270},
			"up":{"uv":		[4.01,2.01,6.99,2.99],"texture":"#block","cullface":"Know2Good","rotation":90},
			"west":{"uv":	[4.01,2.01,6.99,3.99],"texture":"#block","cullface":"Know2Good"},
			"east":{"uv":	[6.99,2.01,4.01,3.99],"texture":"#block","cullface":"Know2Good"}
		}
	},
	{
		"__comment":"North-front",
		"from":[7.5,7,0],
		"to":[8.5,9,2],
		"faces": {
			"down":{"uv":	[0.01,8.01,1.99,8.99],"texture":"#block","cullface":"Know2Good","rotation":270},
			"up":{"uv":		[0.01,7.01,1.99,7.99],"texture":"#block","cullface":"Know2Good","rotation":90},
			"north":{"uv":	[0.01,7.01,0.99,8.99],"texture":"#block","cullface":"Know2Good"},
			"west":{"uv":	[0.01,7.01,1.99,8.99],"texture":"#block","cullface":"Know2Good"},
			"east":{"uv":	[1.99,7.01,0.01,8.99],"texture":"#block","cullface":"Know2Good"}
		}
	},
	{
		"__comment":"East",
		"from":[12,0,7],
		"to":[14,16,9],
		"faces": {
			"down":{"uv":	[2.01,14.01,3.99,15.99],"texture":"#block","cullface":"Know2Good"},
			"up":{"uv":		[2.01,0.01,3.99,1.99],"texture":"#block","cullface":"Know2Good"},
			"north":{"uv":	[2.01,0.01,3.99,15.99],"texture":"#block","cullface":"Know2Good"},
			"south":{"uv":	[2.01,0.01,3.99,15.99],"texture":"#block","cullface":"Know2Good"},
			"west":{"uv":	[3.99,0.01,2.01,15.99],"texture":"#block","cullface":"Know2Good"},
			"east":{"uv":	[3.99,0.01,2.01,15.99],"texture":"#block","cullface":"Know2Good"}
		}
	},
	{
		"__comment":"East-center",
		"from":[9,12,7.5],
		"to":[12,14,8.5],
		"faces": {
			"down":{"uv":	[4.01,3.01,6.99,3.99],"texture":"#block","cullface":"Know2Good"},
			"up":{"uv":		[4.01,2.01,6.99,2.99],"texture":"#block","cullface":"Know2Good","rotation":180},
			"north":{"uv":	[4.01,2.01,6.99,3.99],"texture":"#block","cullface":"Know2Good"},
			"south":{"uv":	[6.99,2.01,4.01,3.99],"texture":"#block","cullface":"Know2Good"}
		}
	},
	{
		"__comment":"East-front",
		"from":[14,7,7.5],
		"to":[16,9,8.5],
		"faces": {
			"down":{"uv":	[0.01,8.01,1.99,8.99],"texture":"#block","cullface":"Know2Good"},
			"up":{"uv":		[0.01,7.01,1.99,7.99],"texture":"#block","cullface":"Know2Good","rotation":180},
			"north":{"uv":	[0.01,7.01,1.99,8.99],"texture":"#block","cullface":"Know2Good"},
			"south":{"uv":	[1.99,7.01,0.01,8.99],"texture":"#block","cullface":"Know2Good"},
			"east":{"uv":	[0.01,7.01,0.99,8.99],"texture":"#block","cullface":"Know2Good"}
		}
	},
	{
		"__comment":"West",
		"from":[2,0,7],
		"to":[4,16,9],
		"faces": {
			"down":{"uv":	[12.01,14.01,13.99,15.99],"texture":"#block","cullface":"Know2Good"},
			"up":{"uv":		[12.01,0.01,13.99,1.99],"texture":"#block","cullface":"Know2Good"},
			"north":{"uv":	[12.01,0.01,13.99,15.99],"texture":"#block","cullface":"Know2Good"},
			"south":{"uv":	[12.01,0.01,13.99,15.99],"texture":"#block","cullface":"Know2Good"},
			"west":{"uv":	[13.99,0.01,12.01,15.99],"texture":"#block","cullface":"Know2Good"},
			"east":{"uv":	[13.99,0.01,12.01,15.99],"texture":"#block","cullface":"Know2Good"}
		}
	},
	{
		"__comment":"West-center",
		"from":[4,2,7.5],
		"to":[7,4,8.5],
		"faces": {
			"down":{"uv":	[9.01,13.01,11.99,13.99],"texture":"#block","cullface":"Know2Good"},
			"up":{"uv":		[9.01,12.01,11.99,12.99],"texture":"#block","cullface":"Know2Good","rotation":180},
			"north":{"uv":	[9.01,12.01,11.99,13.99],"texture":"#block","cullface":"Know2Good"},
			"south":{"uv":	[11.99,12.01,9.01,13.99],"texture":"#block","cullface":"Know2Good"}
		}
	},
	{
		"__comment":"West-front",
		"from":[0,7,7.5],
		"to":[2,9,8.5],
		"faces": {
			"down":{"uv":	[14.01,8.01,15.99,8.99],"texture":"#block","cullface":"Know2Good"},
			"up":{"uv":		[14.01,7.01,15.99,7.99],"texture":"#block","cullface":"Know2Good","rotation":180},
			"north":{"uv":	[14.01,7.01,15.99,8.99],"texture":"#block","cullface":"Know2Good"},
			"south":{"uv":	[15.99,7.01,14.01,8.99],"texture":"#block","cullface":"Know2Good"},
			"west":{"uv":	[15.01,7.01,15.99,8.99],"texture":"#block","cullface":"Know2Good"}
            }
        }
    ]
}