{
	"textures": {
		"texture": "block/spruce_trapdoor",
		"particle": "block/spruce_trapdoor"
	},
	"elements": [
		{
			"from": [0, 0.75, 0.002],
			"to": [16, 2.25, 15.998],
			"faces": {
				"north": {"uv": [0.01, 0.01, 15.99, 0.99], "rotation": 180, "texture": "#texture"},
				"south": {"uv": [0.01, 15.01, 15.99, 15.99], "texture": "#texture"},
				"up": {"uv": [0.01, 0.01, 15.99, 15.99], "texture": "#texture"},
				"down": {"uv": [0.01, 0.01, 15.99, 15.99], "texture": "#texture"}
			}
		},
		{
			"from": [0, 0, 0],
			"to": [3, 3, 16],
			"faces": {
				"north": {"uv": [0.01, 0.01, 2.99, 2.99], "rotation": 180, "texture": "#texture"},
				"east": {"uv": [2.01, 0.01, 2.99, 15.99], "rotation": 90, "texture": "#texture"},
				"south": {"uv": [0.01, 3.01, 2.99, 5.99], "texture": "#texture"},
				"west": {"uv": [0.01, 0.01, 0.99, 15.99], "rotation": 270, "texture": "#texture"},
				"up": {"uv": [0.01, 0.01, 2.99, 15.99], "texture": "#texture"},
				"down": {"uv": [0.01, 15.99, 2.99, 0.01], "texture": "#texture"}
			}
		},
		{
			"from": [4, 0, 0],
			"to": [6, 3, 16],
			"faces": {
				"north": {"uv": [4.01, 0.01, 5.99, 2.99], "rotation": 180, "texture": "#texture"},
				"east": {"uv": [5.01, 0.01, 5.99, 15.99], "rotation": 90, "texture": "#texture"},
				"south": {"uv": [4.01, 3.01, 5.99, 5.99], "texture": "#texture"},
				"west": {"uv": [4.01, 0.01, 4.99, 15.99], "rotation": 270, "texture": "#texture"},
				"up": {"uv": [4.01, 0.01, 5.99, 15.99], "texture": "#texture"},
				"down": {"uv": [4.01, 15.99, 5.99, 0.01], "texture": "#texture"}
			}
		},
		{
			"from": [7, 0, 0],
			"to": [9, 3, 16],
			"faces": {
				"north": {"uv": [7.01, 0.01, 8.99, 2.99], "rotation": 180, "texture": "#texture"},
				"east": {"uv": [8.01, 0.01, 8.99, 15.99], "rotation": 90, "texture": "#texture"},
				"south": {"uv": [7.01, 3.01, 8.99, 5.99], "texture": "#texture"},
				"west": {"uv": [7.01, 0.01, 7.99, 15.99], "rotation": 270, "texture": "#texture"},
				"up": {"uv": [7.01, 0.01, 8.99, 15.99], "texture": "#texture"},
				"down": {"uv": [7.01, 15.99, 8.99, 0.01], "texture": "#texture"}
			}
		},
		{
			"from": [10, 0, 0],
			"to": [12, 3, 16],
			"faces": {
				"north": {"uv": [10.01, 0.01, 11.99, 2.99], "rotation": 180, "texture": "#texture"},
				"east": {"uv": [11.01, 0.01, 11.99, 15.99], "rotation": 90, "texture": "#texture"},
				"south": {"uv": [10.01, 3.01, 11.99, 5.99], "texture": "#texture"},
				"west": {"uv": [10.01, 0.01, 10.99, 15.99], "rotation": 270, "texture": "#texture"},
				"up": {"uv": [10.01, 0.01, 11.99, 15.99], "texture": "#texture"},
				"down": {"uv": [10.01, 15.99, 11.99, 0.01], "texture": "#texture"}
			}
		},
		{
			"from": [13, 0, 0],
			"to": [16, 3, 16],
			"faces": {
				"north": {"uv": [13.01, 0.01, 15.99, 2.99], "rotation": 180, "texture": "#texture"},
				"east": {"uv": [15.01, 0.01, 15.99, 15.99], "rotation": 90, "texture": "#texture"},
				"south": {"uv": [13.01, 3.01, 15.99, 5.99], "texture": "#texture"},
				"west": {"uv": [13.01, 0.01, 13.99, 15.99], "rotation": 270, "texture": "#texture"},
				"up": {"uv": [13.01, 0.01, 15.99, 15.99], "texture": "#texture"},
				"down": {"uv": [13.01, 15.99, 15.99, 0.01], "texture": "#texture"}
			}
		},
		{
			"from": [-0.2, -0.2, 3],
			"to": [3.2, 3.2, 4],
			"faces": {
				"north": {"uv": [0.01, 3.01, 2.99, 3.99], "rotation": 180, "texture": "#texture"},
				"east": {"uv": [2.01, 3.01, 2.99, 3.99], "rotation": 90, "texture": "#texture"},
				"south": {"uv": [0.01, 3.01, 2.99, 3.99], "texture": "#texture"},
				"west": {"uv": [0.01, 3.01, 0.99, 3.99], "rotation": 270, "texture": "#texture"},
				"up": {"uv": [0.01, 3.01, 2.99, 3.99], "texture": "#texture"},
				"down": {"uv": [0.01, 3.01, 2.99, 3.99], "texture": "#texture"}
			}
		},
		{
			"from": [3.8, -0.2, 3],
			"to": [6.2, 3.2, 4],
			"faces": {
				"north": {"uv": [4.01, 3.01, 5.99, 3.99], "rotation": 180, "texture": "#texture"},
				"east": {"uv": [5.01, 3.01, 5.99, 3.99], "rotation": 90, "texture": "#texture"},
				"south": {"uv": [4.01, 3.01, 5.99, 3.99], "texture": "#texture"},
				"west": {"uv": [4.01, 3.01, 4.99, 3.99], "rotation": 270, "texture": "#texture"},
				"up": {"uv": [4.01, 3.01, 5.99, 3.99], "texture": "#texture"},
				"down": {"uv": [4.01, 3.01, 5.99, 3.99], "texture": "#texture"}
			}
		},
		{
			"from": [6.8, -0.2, 3],
			"to": [9.2, 3.2, 4],
			"faces": {
				"north": {"uv": [7.01, 3.01, 8.99, 3.99], "rotation": 180, "texture": "#texture"},
				"east": {"uv": [8.01, 3.01, 8.99, 3.99], "rotation": 90, "texture": "#texture"},
				"south": {"uv": [7.01, 3.01, 8.99, 3.99], "texture": "#texture"},
				"west": {"uv": [7.01, 3.01, 7.99, 3.99], "rotation": 270, "texture": "#texture"},
				"up": {"uv": [7.01, 3.01, 8.99, 3.99], "texture": "#texture"},
				"down": {"uv": [7.01, 3.01, 8.99, 3.99], "texture": "#texture"}
			}
		},
		{
			"from": [9.8, -0.2, 3],
			"to": [12.2, 3.2, 4],
			"faces": {
				"north": {"uv": [10.01, 3.01, 11.99, 3.99], "rotation": 180, "texture": "#texture"},
				"east": {"uv": [11.01, 3.01, 11.99, 3.99], "rotation": 90, "texture": "#texture"},
				"south": {"uv": [10.01, 3.01, 11.99, 3.99], "texture": "#texture"},
				"west": {"uv": [10.01, 3.01, 10.99, 3.99], "rotation": 270, "texture": "#texture"},
				"up": {"uv": [10.01, 3.01, 11.99, 3.99], "texture": "#texture"},
				"down": {"uv": [10.01, 3.01, 11.99, 3.99], "texture": "#texture"}
			}
		},
		{
			"from": [12.8, -0.2, 3],
			"to": [16.2, 3.2, 4],
			"faces": {
				"north": {"uv": [13.01, 3.01, 15.99, 3.99], "rotation": 180, "texture": "#texture"},
				"east": {"uv": [15.01, 3.01, 15.99, 3.99], "rotation": 90, "texture": "#texture"},
				"south": {"uv": [13.01, 3.01, 15.99, 3.99], "texture": "#texture"},
				"west": {"uv": [13.01, 3.01, 13.99, 3.99], "rotation": 270, "texture": "#texture"},
				"up": {"uv": [13.01, 3.01, 15.99, 3.99], "texture": "#texture"},
				"down": {"uv": [13.01, 3.01, 15.99, 3.99], "texture": "#texture"}
			}
		},
		{
			"from": [-0.2, -0.2, 12],
			"to": [3.2, 3.2, 13],
			"faces": {
				"north": {"uv": [0.01, 12.01, 2.99, 12.99], "rotation": 180, "texture": "#texture"},
				"east": {"uv": [2.01, 12.01, 2.99, 12.99], "rotation": 90, "texture": "#texture"},
				"south": {"uv": [0.01, 12.01, 2.99, 12.99], "texture": "#texture"},
				"west": {"uv": [0.01, 12.01, 0.99, 12.99], "rotation": 270, "texture": "#texture"},
				"up": {"uv": [0.01, 12.01, 2.99, 12.99], "texture": "#texture"},
				"down": {"uv": [0.01, 12.01, 2.99, 12.99], "texture": "#texture"}
			}
		},
		{
			"from": [3.8, -0.2, 12],
			"to": [6.2, 3.2, 13],
			"faces": {
				"north": {"uv": [4.01, 12.01, 5.99, 12.99], "rotation": 180, "texture": "#texture"},
				"east": {"uv": [5.01, 12.01, 5.99, 12.99], "rotation": 90, "texture": "#texture"},
				"south": {"uv": [4.01, 12.01, 5.99, 12.99], "texture": "#texture"},
				"west": {"uv": [4.01, 12.01, 4.99, 12.99], "rotation": 270, "texture": "#texture"},
				"up": {"uv": [4.01, 12.01, 5.99, 12.99], "texture": "#texture"},
				"down": {"uv": [4.01, 12.01, 5.99, 12.99], "texture": "#texture"}
			}
		},
		{
			"from": [6.8, -0.2, 12],
			"to": [9.2, 3.2, 13],
			"faces": {
				"north": {"uv": [7.01, 12.01, 8.99, 12.99], "rotation": 180, "texture": "#texture"},
				"east": {"uv": [8.01, 12.01, 8.99, 12.99], "rotation": 90, "texture": "#texture"},
				"south": {"uv": [7.01, 12.01, 8.99, 12.99], "texture": "#texture"},
				"west": {"uv": [7.01, 12.01, 7.99, 12.99], "rotation": 270, "texture": "#texture"},
				"up": {"uv": [7.01, 12.01, 8.99, 12.99], "texture": "#texture"},
				"down": {"uv": [7.01, 12.01, 8.99, 12.99], "texture": "#texture"}
			}
		},
		{
			"from": [9.8, -0.2, 12],
			"to": [12.2, 3.2, 13],
			"faces": {
				"north": {"uv": [10.01, 12.01, 11.99, 12.99], "rotation": 180, "texture": "#texture"},
				"east": {"uv": [11.01, 12.01, 11.99, 12.99], "rotation": 90, "texture": "#texture"},
				"south": {"uv": [10.01, 12.01, 11.99, 12.99], "texture": "#texture"},
				"west": {"uv": [10.01, 12.01, 10.99, 12.99], "rotation": 270, "texture": "#texture"},
				"up": {"uv": [10.01, 12.01, 11.99, 12.99], "texture": "#texture"},
				"down": {"uv": [10.01, 12.01, 11.99, 12.99], "texture": "#texture"}
			}
		},
		{
			"from": [12.8, -0.2, 12],
			"to": [16.2, 3.2, 13],
			"faces": {
				"north": {"uv": [13.01, 12.01, 15.99, 12.99], "rotation": 180, "texture": "#texture"},
				"east": {"uv": [15.01, 12.01, 15.99, 12.99], "rotation": 90, "texture": "#texture"},
				"south": {"uv": [13.01, 12.01, 15.99, 12.99], "texture": "#texture"},
				"west": {"uv": [13.01, 12.01, 13.99, 12.99], "rotation": 270, "texture": "#texture"},
				"up": {"uv": [13.01, 12.01, 15.99, 12.99], "texture": "#texture"},
				"down": {"uv": [13.01, 12.01, 15.99, 12.99], "texture": "#texture"}
			}
		}
	],
	"display": {
		"thirdperson_righthand": {
			"rotation": [68, -45, 0],
			"translation": [0, 3.25, 1.75],
			"scale": [0.4, 0.4, 0.4]
		},
		"thirdperson_lefthand": {
			"rotation": [68, -45, 0],
			"translation": [0, 3.25, 1.75],
			"scale": [0.4, 0.4, 0.4]
		},
		"firstperson_righthand": {
			"rotation": [6, 36, 0],
			"translation": [1, 2.5, -1.5],
			"scale": [0.6, 0.6, 0.6]
		},
		"firstperson_lefthand": {
			"rotation": [6, 36, 0],
			"translation": [1, 2.5, -1.5],
			"scale": [0.6, 0.6, 0.6]
		},
		"ground": {
			"translation": [0, 2.5, 0],
			"scale": [0.25, 0.25, 0.25]
		},
		"gui": {
			"rotation": [28, 45, 0],
			"scale": [0.6, 0.6, 0.6]
		},
		"head": {
			"rotation": [90, 0, 0]
		},
		"fixed": {
			"scale": [0.5, 0.5, 0.5]
		}
	}
}