{
"__comment":"Made by Know2Good, part of the 'Default 3D™' resource pack || Official download page: http://www.planetminecraft.com/texture_pack/default-3d-2985741/ || © Know2Good. All rights reserved. ",
"__comment":"No UV-bleed, OK coordinate, OK texture, OK cullface",
"ambientocclusion": false,

"textures": {
	"block": 	"block/spruce_door_top",
	"particle":	"block/spruce_door_top"
},
"elements":[
	{
		"__comment":"The inner block",
		"from":[0.75,0,0],
		"to":[2.25,16,15],
		"faces": {
			"up":{"uv":		[1.01,0.01,15.99,0.99],"texture":"#block","cullface":"Know2Good","rotation":270},
			"north":{"uv":	[15.01,0.01,15.99,15.99],"texture":"#block","cullface":"Know2Good"},
			"west":{"uv":	[15.99,0.01,1.01,15.99],"texture":"#block","cullface":"Know2Good"},
			"east":{"uv":	[1.01,0.01,15.99,15.99],"texture":"#block","cullface":"Know2Good"}
		}
	},
	{
		"__comment":"Bottom hinge",
		"from":[-0.25,0,15],
		"to":[3.25,1.002,16.25],
		"faces": {
			"up":{"uv":		[0.01,15.01,0.99,15.99],"texture":"#block","cullface":"Know2Good","rotation":270},
			"down":{"uv":	[0.01,15.01,0.99,15.99],"texture":"#block","cullface":"Know2Good","rotation":90},
			"north":{"uv":	[0.01,15.01,0.99,15.99],"texture":"#block","cullface":"Know2Good"},
			"south":{"uv":	[0.01,15.01,0.99,15.99],"texture":"#block","cullface":"Know2Good"},
			"west":{"uv":	[0.99,15.01,0.01,15.99],"texture":"#block","cullface":"Know2Good"},
			"east":{"uv":	[0.01,15.01,0.99,15.99],"texture":"#block","cullface":"Know2Good"}
		}
	},
	{
		"__comment":"Top hinge",
		"from":[-0.25,10,15],
		"to":[3.25,12.002,16.25],
		"faces": {
			"up":{"uv":		[0.01,4.01,0.99,4.99],"texture":"#block","cullface":"Know2Good","rotation":270},
			"down":{"uv":	[0.01,5.01,0.99,5.99],"texture":"#block","cullface":"Know2Good","rotation":90},
			"north":{"uv":	[0.01,4.01,0.99,5.99],"texture":"#block","cullface":"Know2Good"},
			"south":{"uv":	[0.01,4.01,0.99,5.99],"texture":"#block","cullface":"Know2Good"},
			"west":{"uv":	[0.99,4.01,0.01,5.99],"texture":"#block","cullface":"Know2Good"},
			"east":{"uv":	[0.01,4.01,0.99,5.99],"texture":"#block","cullface":"Know2Good"}
		}
	},
	{
		"__comment":"Middle hinge side",
		"from":[1,0,15],
		"to":[2,16,16],
		"faces": {
			"up":{"uv":		[1.01,0.01,1.99,0.99],"texture":"#block","cullface":"Know2Good"},
			"south":{"uv":	[1.01,0.01,1.99,15.99],"texture":"#block","cullface":"Know2Good"}
		}
	},
	{
		"__comment":"Hinge side (east)",
		"from":[2,0,13],
		"to":[3.02,16,16],
		"faces": {
			"up":{"uv":		[0.01,0.01,2.99,0.99],"texture":"#block","cullface":"Know2Good","rotation":270},
			"north":{"uv":	[2.01,0.01,2.99,15.99],"texture":"#block","cullface":"Know2Good"},
			"south":{"uv":	[0.01,0.01,0.99,15.99],"texture":"#block","cullface":"Know2Good"},
			"east":{"uv":	[0.01,0.01,2.99,15.99],"texture":"#block","cullface":"Know2Good"}
		}
	},
	{
		"__comment":"Hinge side (west)",
		"from":[0,0,13],
		"to":[1,16,16],
		"faces": {
			"up":{"uv":		[0.01,0.01,2.99,0.99],"texture":"#block","cullface":"Know2Good","rotation":270},
			"north":{"uv":	[2.01,0.01,2.99,15.99],"texture":"#block","cullface":"Know2Good"},
			"south":{"uv":	[0.01,0.01,0.99,15.99],"texture":"#block","cullface":"Know2Good"},
			"west":{"uv":	[2.99,0.01,0.01,15.99],"texture":"#block","cullface":"Know2Good"}
		}
	},
	{
		"__comment":"First vertical log",
		"from":[0,0,10],
		"to":[3.02,16,12],
		"faces": {
			"up":{"uv":		[4.01,0.01,5.99,0.99],"texture":"#block","cullface":"Know2Good","rotation":270},
			"north":{"uv":	[5.01,0.01,5.99,15.99],"texture":"#block","cullface":"Know2Good"},
			"south":{"uv":	[4.01,0.01,4.99,15.99],"texture":"#block","cullface":"Know2Good"},
			"west":{"uv":	[5.99,0.01,4.01,15.99],"texture":"#block","cullface":"Know2Good"},
			"east":{"uv":	[4.01,0.01,5.99,15.99],"texture":"#block","cullface":"Know2Good"}
		}
	},
	{
		"__comment":"Second vertical log",
		"from":[0,0,7],
		"to":[3.02,16,9],
		"faces": {
			"up":{"uv":		[7.01,0.01,8.99,0.99],"texture":"#block","cullface":"Know2Good","rotation":270},
			"north":{"uv":	[8.01,0.01,8.99,15.99],"texture":"#block","cullface":"Know2Good"},
			"south":{"uv":	[7.01,0.01,7.99,15.99],"texture":"#block","cullface":"Know2Good"},
			"west":{"uv":	[8.99,0.01,7.01,15.99],"texture":"#block","cullface":"Know2Good"},
			"east":{"uv":	[7.01,0.01,8.99,15.99],"texture":"#block","cullface":"Know2Good"}
		}
	},
	{
		"__comment":"Third vertical log",
		"from":[0,0,4],
		"to":[3.02,16,6],
		"faces": {
			"up":{"uv":		[10.01,0.01,11.99,0.99],"texture":"#block","cullface":"Know2Good","rotation":270},
			"north":{"uv":	[11.01,0.01,11.99,15.99],"texture":"#block","cullface":"Know2Good"},
			"south":{"uv":	[10.01,0.01,10.99,15.99],"texture":"#block","cullface":"Know2Good"},
			"west":{"uv":	[11.99,0.01,10.01,15.99],"texture":"#block","cullface":"Know2Good"},
			"east":{"uv":	[10.01,0.01,11.99,15.99],"texture":"#block","cullface":"Know2Good"}
		}
	},
	{
		"__comment":"Fourth vertical log",
		"from":[0,0,0.98],
		"to":[3.02,16,3],
		"faces": {
			"up":{"uv":		[13.01,0.01,14.99,0.99],"texture":"#block","cullface":"Know2Good","rotation":270},
			"north":{"uv":	[14.01,0.01,14.99,15.99],"texture":"#block","cullface":"Know2Good"},
			"south":{"uv":	[13.01,0.01,13.99,15.99],"texture":"#block","cullface":"Know2Good"},
			"west":{"uv":	[14.99,0.01,13.01,15.99],"texture":"#block","cullface":"Know2Good"},
			"east":{"uv":	[13.01,0.01,14.99,15.99],"texture":"#block","cullface":"Know2Good"}
		}
	},
	{
		"__comment":"Metal safety 1.1",
		"from":[-0.2,0,12.8],
		"to":[3.2,1,16.2],
		"faces": {
			"up":{"uv":		[0.01,15.01,2.99,15.99],"texture":"#block","cullface":"Know2Good","rotation":270},
			"down":{"uv":	[0.01,15.01,2.99,15.99],"texture":"#block","cullface":"Know2Good","rotation":90},
			"north":{"uv":	[2.01,15.01,2.99,15.99],"texture":"#block","cullface":"Know2Good"},
			"south":{"uv":	[0.01,15.01,0.99,15.99],"texture":"#block","cullface":"Know2Good"},
			"west":{"uv":	[2.99,15.01,0.01,15.99],"texture":"#block","cullface":"Know2Good"},
			"east":{"uv":	[0.01,15.01,2.99,15.99],"texture":"#block","cullface":"Know2Good"}
		}
	},
	{
		"__comment":"Metal safety 2.1",
		"from":[-0.2,0,9.8],
		"to":[3.2,1,12.2],
		"faces": {
			"up":{"uv":		[4.01,15.01,5.99,15.99],"texture":"#block","cullface":"Know2Good","rotation":270},
			"down":{"uv":	[4.01,15.01,5.99,15.99],"texture":"#block","cullface":"Know2Good","rotation":90},
			"north":{"uv":	[5.01,15.01,5.99,15.99],"texture":"#block","cullface":"Know2Good"},
			"south":{"uv":	[4.01,15.01,4.99,15.99],"texture":"#block","cullface":"Know2Good"},
			"west":{"uv":	[5.99,15.01,4.01,15.99],"texture":"#block","cullface":"Know2Good"},
			"east":{"uv":	[4.01,15.01,5.99,15.99],"texture":"#block","cullface":"Know2Good"}
		}
	},
	{
		"__comment":"Metal safety 3.1",
		"from":[-0.2,0,6.8],
		"to":[3.2,1,9.2],
		"faces": {
			"up":{"uv":		[7.01,15.01,8.99,15.99],"texture":"#block","cullface":"Know2Good","rotation":270},
			"down":{"uv":	[7.01,15.01,8.99,15.99],"texture":"#block","cullface":"Know2Good","rotation":90},
			"north":{"uv":	[8.01,15.01,8.99,15.99],"texture":"#block","cullface":"Know2Good"},
			"south":{"uv":	[7.01,15.01,7.99,15.99],"texture":"#block","cullface":"Know2Good"},
			"west":{"uv":	[8.99,15.01,7.01,15.99],"texture":"#block","cullface":"Know2Good"},
			"east":{"uv":	[7.01,15.01,8.99,15.99],"texture":"#block","cullface":"Know2Good"}
		}
	},
	{
		"__comment":"Metal safety 4.1",
		"from":[-0.2,0,3.8],
		"to":[3.2,1,6.2],
		"faces": {
			"up":{"uv":		[10.01,15.01,11.99,15.99],"texture":"#block","cullface":"Know2Good","rotation":270},
			"down":{"uv":	[10.01,15.01,11.99,15.99],"texture":"#block","cullface":"Know2Good","rotation":90},
			"north":{"uv":	[11.01,15.01,11.99,15.99],"texture":"#block","cullface":"Know2Good"},
			"south":{"uv":	[10.01,15.01,10.99,15.99],"texture":"#block","cullface":"Know2Good"},
			"west":{"uv":	[11.99,15.01,10.01,15.99],"texture":"#block","cullface":"Know2Good"},
			"east":{"uv":	[10.01,15.01,11.99,15.99],"texture":"#block","cullface":"Know2Good"}
		}
	},
	{
		"__comment":"Metal safety 5.1",
		"from":[-0.2,0,0.8],
		"to":[3.2,1,3.2],
		"faces": {
			"up":{"uv":		[13.01,15.01,14.99,15.99],"texture":"#block","cullface":"Know2Good","rotation":270},
			"down":{"uv":	[13.01,15.01,14.99,15.99],"texture":"#block","cullface":"Know2Good","rotation":90},
			"north":{"uv":	[14.01,15.01,14.99,15.99],"texture":"#block","cullface":"Know2Good"},
			"south":{"uv":	[13.01,15.01,13.99,15.99],"texture":"#block","cullface":"Know2Good"},
			"west":{"uv":	[14.99,15.01,13.01,15.99],"texture":"#block","cullface":"Know2Good"},
			"east":{"uv":	[13.01,15.01,14.99,15.99],"texture":"#block","cullface":"Know2Good"}
		}
	},
	{
		"__comment":"Metal safety 1.2",
		"from":[-0.2,11,12.8],
		"to":[3.2,12,16.2],
		"faces": {
			"up":{"uv":		[0.01,4.01,2.99,4.99],"texture":"#block","cullface":"Know2Good","rotation":270},
			"down":{"uv":	[0.01,4.01,2.99,4.99],"texture":"#block","cullface":"Know2Good","rotation":90},
			"north":{"uv":	[2.01,4.01,2.99,4.99],"texture":"#block","cullface":"Know2Good"},
			"south":{"uv":	[0.01,4.01,0.99,4.99],"texture":"#block","cullface":"Know2Good"},
			"west":{"uv":	[2.99,4.01,0.01,4.99],"texture":"#block","cullface":"Know2Good"},
			"east":{"uv":	[0.01,4.01,2.99,4.99],"texture":"#block","cullface":"Know2Good"}
		}
	},
	{
		"__comment":"Metal safety 2.2",
		"from":[-0.2,11,9.8],
		"to":[3.2,12,12.2],
		"faces": {
			"up":{"uv":		[4.01,4.01,5.99,4.99],"texture":"#block","cullface":"Know2Good","rotation":270},
			"down":{"uv":	[4.01,4.01,5.99,4.99],"texture":"#block","cullface":"Know2Good","rotation":90},
			"north":{"uv":	[5.01,4.01,5.99,4.99],"texture":"#block","cullface":"Know2Good"},
			"south":{"uv":	[4.01,4.01,4.99,4.99],"texture":"#block","cullface":"Know2Good"},
			"west":{"uv":	[5.99,4.01,4.01,4.99],"texture":"#block","cullface":"Know2Good"},
			"east":{"uv":	[4.01,4.01,5.99,4.99],"texture":"#block","cullface":"Know2Good"}
		}
	},
	{
		"__comment":"Metal safety 3.2",
		"from":[-0.2,11,6.8],
		"to":[3.2,12,9.2],
		"faces": {
			"up":{"uv":		[7.01,4.01,8.99,4.99],"texture":"#block","cullface":"Know2Good","rotation":270},
			"down":{"uv":	[7.01,4.01,8.99,4.99],"texture":"#block","cullface":"Know2Good","rotation":90},
			"north":{"uv":	[8.01,4.01,8.99,4.99],"texture":"#block","cullface":"Know2Good"},
			"south":{"uv":	[7.01,4.01,7.99,4.99],"texture":"#block","cullface":"Know2Good"},
			"west":{"uv":	[8.99,4.01,7.01,4.99],"texture":"#block","cullface":"Know2Good"},
			"east":{"uv":	[7.01,4.01,8.99,4.99],"texture":"#block","cullface":"Know2Good"}
		}
	},
	{
		"__comment":"Metal safety 4.2",
		"from":[-0.2,11,3.8],
		"to":[3.2,12,6.2],
		"faces": {
			"up":{"uv":		[10.01,4.01,11.99,4.99],"texture":"#block","cullface":"Know2Good","rotation":270},
			"down":{"uv":	[10.01,4.01,11.99,4.99],"texture":"#block","cullface":"Know2Good","rotation":90},
			"north":{"uv":	[11.01,4.01,11.99,4.99],"texture":"#block","cullface":"Know2Good"},
			"south":{"uv":	[10.01,4.01,10.99,4.99],"texture":"#block","cullface":"Know2Good"},
			"west":{"uv":	[11.99,4.01,10.01,4.99],"texture":"#block","cullface":"Know2Good"},
			"east":{"uv":	[10.01,4.01,11.99,4.99],"texture":"#block","cullface":"Know2Good"}
		}
	},
	{
		"__comment":"Metal safety 5.2",
		"from":[-0.2,11,0.8],
		"to":[3.2,12,3.2],
		"faces": {
			"up":{"uv":		[13.01,4.01,14.99,4.99],"texture":"#block","cullface":"Know2Good","rotation":270},
			"down":{"uv":	[13.01,4.01,14.99,4.99],"texture":"#block","cullface":"Know2Good","rotation":90},
			"north":{"uv":	[14.01,4.01,14.99,4.99],"texture":"#block","cullface":"Know2Good"},
			"south":{"uv":	[13.01,4.01,13.99,4.99],"texture":"#block","cullface":"Know2Good"},
			"west":{"uv":	[14.99,4.01,13.01,4.99],"texture":"#block","cullface":"Know2Good"},
			"east":{"uv":	[13.01,4.01,14.99,4.99],"texture":"#block","cullface":"Know2Good"}
            }
        }
    ]
}