{
"__comment":"Made by Know2Good, part of the 'Default 3D™' resource pack || Official download page: http://www.planetminecraft.com/texture_pack/default-3d-2985741/ || © Know2Good. All rights reserved. ",
"ambientocclusion": false,

"textures": {
	"block": 	"block/acacia_door_top",
	"particle":	"block/acacia_door_top"
},
"elements":[
	{
		"__comment":"The inner block",
		"from":[0.75,0,1],
		"to":[2.25,16,16],
		"faces": {
			"up":{"uv":		[1.01,0.01,15.99,0.99],"texture":"#block","cullface":"Know2Good","rotation":90},
			"south":{"uv":	[15.01,0.01,15.99,15.99],"texture":"#block","cullface":"Know2Good"},
			"west":{"uv":	[1.01,0.01,15.99,15.99],"texture":"#block","cullface":"Know2Good"},
			"east":{"uv":	[15.99,0.01,1.01,15.99],"texture":"#block","cullface":"Know2Good"}
		}
	},
	{
		"__comment":"Bottom hinge",
		"from":[-0.25,0,-0.25],
		"to":[3.25,1,1],
		"faces": {
			"up":{"uv":		[0.01,15.01,0.99,15.99],"texture":"#block","cullface":"Know2Good","rotation":90},
			"down":{"uv":	[0.01,15.01,0.99,15.99],"texture":"#block","cullface":"Know2Good","rotation":270},
			"north":{"uv":	[0.01,15.01,0.99,15.99],"texture":"#block","cullface":"Know2Good"},
			"south":{"uv":	[0.01,15.01,0.99,15.99],"texture":"#block","cullface":"Know2Good"},
			"west":{"uv":	[0.01,15.01,0.99,15.99],"texture":"#block","cullface":"Know2Good"},
			"east":{"uv":	[0.01,15.01,0.99,15.99],"texture":"#block","cullface":"Know2Good"}
		}
	},
	{
		"__comment":"Top hinge",
		"from":[-0.25,10,-0.25],
		"to":[3.25,12,1],
		"faces": {
			"up":{"uv":		[0.01,4.01,0.99,4.99],"texture":"#block","cullface":"Know2Good","rotation":90},
			"down":{"uv":	[0.01,5.01,0.99,5.99],"texture":"#block","cullface":"Know2Good","rotation":270},
			"north":{"uv":	[0.01,4.01,0.99,5.99],"texture":"#block","cullface":"Know2Good"},
			"south":{"uv":	[0.01,4.01,0.99,5.99],"texture":"#block","cullface":"Know2Good"},
			"west":{"uv":	[0.01,4.01,0.99,5.99],"texture":"#block","cullface":"Know2Good"},
			"east":{"uv":	[0.01,4.01,0.99,5.99],"texture":"#block","cullface":"Know2Good"}
		}
	},
	{
		"__comment":"Middle hinge side",
		"from":[0.992,0,0],
		"to":[2.008,16,3],
		"faces": {
			"up":{"uv":		[0.01,0.01,2.99,0.99],"texture":"#block","cullface":"Know2Good","rotation":90},
			"north":{"uv":	[1.01,0.01,1.99,15.99],"texture":"#block","cullface":"Know2Good"},
			"south":{"uv":	[2.01,0.01,2.99,15.99],"texture":"#block","cullface":"Know2Good"}
		}
	},
	{
		"__comment":"Hinge side (east)",
		"from":[2,0,0],
		"to":[3.02,16,3],
		"faces": {
			"up":{"uv":		[0.01,0.01,2.99,0.99],"texture":"#block","cullface":"Know2Good","rotation":90},
			"north":{"uv":	[0.01,0.01,0.99,15.99],"texture":"#block","cullface":"Know2Good"},
			"south":{"uv":	[2.01,0.01,2.99,15.99],"texture":"#block","cullface":"Know2Good"},
			"east":{"uv":	[2.99,0.01,0.01,15.99],"texture":"#block","cullface":"Know2Good"}
		}
	},
	{
		"__comment":"Hinge side (west)",
		"from":[0,0,0],
		"to":[1,16,3],
		"faces": {
			"up":{"uv":		[0.01,0.01,2.99,0.99],"texture":"#block","cullface":"Know2Good","rotation":90},
			"north":{"uv":	[0.01,0.01,0.99,15.99],"texture":"#block","cullface":"Know2Good"},
			"south":{"uv":	[2.01,0.01,2.99,15.99],"texture":"#block","cullface":"Know2Good"},
			"west":{"uv":	[0.01,0.01,2.99,15.99],"texture":"#block","cullface":"Know2Good"}
		}
	},
	{
		"__comment":"Right",
		"from":[0,0,13],
		"to":[3.02,16,15.02],
		"faces": {
			"up":{"uv":		[13.01,0.01,14.99,0.99],"texture":"#block","cullface":"Know2Good","rotation":90},
			"north":{"uv":	[13.01,0.01,13.99,15.99],"texture":"#block","cullface":"Know2Good"},
			"south":{"uv":	[14.01,0.01,14.99,15.99],"texture":"#block","cullface":"Know2Good"},
			"west":{"uv":	[13.01,0.01,14.99,15.99],"texture":"#block","cullface":"Know2Good"},
			"east":{"uv":	[14.99,0.01,13.01,15.99],"texture":"#block","cullface":"Know2Good"}
		}
	},
	{
		"__comment":"Top",
		"from":[0,13,3],
		"to":[3.02,16,13],
		"faces": {
			"up":{"uv":		[3.01,0.01,12.99,0.99],"texture":"#block","cullface":"Know2Good","rotation":90},
			"down":{"uv":	[3.01,2.01,12.99,2.99],"texture":"#block","cullface":"Know2Good","rotation":270},
			"west":{"uv":	[3.01,0.01,12.99,2.99],"texture":"#block","cullface":"Know2Good"},
			"east":{"uv":	[12.99,0.01,3.01,2.99],"texture":"#block","cullface":"Know2Good"}
		}
	},
	{
		"__comment":"Bottom",
		"from":[0,0,3],
		"to":[3.02,1,13],
		"faces": {
			"up":{"uv":		[3.01,15.01,12.99,15.99],"texture":"#block","cullface":"Know2Good","rotation":90},
			"west":{"uv":	[3.01,15.01,12.99,15.99],"texture":"#block","cullface":"Know2Good"},
			"east":{"uv":	[12.99,15.01,3.01,15.99],"texture":"#block","cullface":"Know2Good"}
		}
	},
	{
		"__comment":"Bar left",
		"from":[0.75,1,5.02],
		"to":[2.25,13,6.98],
		"faces": {
			"north":{"uv":	[5.01,3.01,5.99,14.99],"texture":"#block","cullface":"Know2Good"},
			"south":{"uv":	[6.01,3.01,6.99,14.99],"texture":"#block","cullface":"Know2Good"}
		}
	},
	{
		"__comment":"Bar right",
		"from":[0.75,1,9.02],
		"to":[2.25,13,10.98],
		"faces": {
			"north":{"uv":	[9.01,3.01,9.99,14.99],"texture":"#block","cullface":"Know2Good"},
			"south":{"uv":	[10.01,3.01,10.99,14.99],"texture":"#block","cullface":"Know2Good"}
		}
	},
	{
		"__comment":"Handle west",
		"from":[-1,0,11],
		"to":[-0.5,1,13],
		"faces": {
			"up":{"uv":		[12.01,15.01,13.99,15.99],"texture":"#block","cullface":"Know2Good","rotation":90},
			"down":{"uv":	[12.01,15.01,13.99,15.99],"texture":"#block","cullface":"Know2Good","rotation":270},
			"north":{"uv":	[12.01,15.01,12.99,15.99],"texture":"#block","cullface":"Know2Good"},
			"south":{"uv":	[13.01,15.01,13.99,15.99],"texture":"#block","cullface":"Know2Good"},
			"west":{"uv":	[12.01,15.01,13.99,15.99],"texture":"#block","cullface":"Know2Good"},
			"east":{"uv":	[13.99,15.01,12.01,15.99],"texture":"#block","cullface":"Know2Good"}
		}
	},
	{
		"__comment":"Handle east",
		"from":[3.5,0,11],
		"to":[4,1,13],
		"faces": {
			"up":{"uv":		[12.01,15.01,13.99,15.99],"texture":"#block","cullface":"Know2Good","rotation":90},
			"down":{"uv":	[12.01,15.01,13.99,15.99],"texture":"#block","cullface":"Know2Good","rotation":270},
			"north":{"uv":	[12.01,15.01,12.99,15.99],"texture":"#block","cullface":"Know2Good"},
			"south":{"uv":	[13.01,15.01,13.99,15.99],"texture":"#block","cullface":"Know2Good"},
			"west":{"uv":	[12.01,15.01,13.99,15.99],"texture":"#block","cullface":"Know2Good"},
			"east":{"uv":	[13.99,15.01,12.01,15.99],"texture":"#block","cullface":"Know2Good"}
		}
	},
	{
		"__comment":"Handle through",
		"from":[-1,0,13],
		"to":[4,1,14],
		"faces": {
			"up":{"uv":		[13.01,15.01,13.99,15.99],"texture":"#block","cullface":"Know2Good","rotation":90},
			"down":{"uv":	[13.01,15.01,13.99,15.99],"texture":"#block","cullface":"Know2Good","rotation":270},
			"north":{"uv":	[13.01,15.01,13.99,15.99],"texture":"#block","cullface":"Know2Good"},
			"south":{"uv":	[13.01,15.01,13.99,15.99],"texture":"#block","cullface":"Know2Good"},
			"west":{"uv":	[13.01,15.01,13.99,15.99],"texture":"#block","cullface":"Know2Good"},
			"east":{"uv":	[13.01,15.01,13.99,15.99],"texture":"#block","cullface":"Know2Good"}
		}
	},
	{
		"__comment":"Prevent handle",
		"from":[-0.001,-0.002,12],
		"to":[3.001,1.002,15.022],
		"faces": {
			"up":{"uv":		[12.01,1.01,14.99,1.99],"texture":"#block","cullface":"Know2Good","rotation":90},
			"south":{"uv":	[14.01,1.01,14.99,1.99],"texture":"#block","cullface":"Know2Good"},
			"west":{"uv":	[12.01,1.01,14.99,1.99],"texture":"#block","cullface":"Know2Good"},
			"east":{"uv":	[14.99,1.01,12.01,1.99],"texture":"#block","cullface":"Know2Good"}
			}
		}
    ]
}