{
"__comment":"Made by Know2Good, part of the 'Default 3D™' resource pack || Official download page: http://www.planetminecraft.com/texture_pack/default-3d-2985741/ || © Know2Good. All rights reserved. ",
"__comment":"No UV-bleed, OK coordinate, OK texture, OK cullface",
"ambientocclusion": false,

"textures": {
	"block": 	"block/oak_door_bottom",
	"particle":	"block/oak_door_bottom"
},
"elements":[
	{
		"__comment":"The inner block",
		"from":[0.75,0,0],
		"to":[2.25,16,15],
		"faces": {
			"down":{"uv":	[1.01,15.01,15.99,15.99],"texture":"#block","cullface":"Know2Good","rotation":90},
			"north":{"uv":	[15.01,0.01,15.99,15.99],"texture":"#block","cullface":"Know2Good"},
			"west":{"uv":	[15.99,0.01,1.01,15.99],"texture":"#block","cullface":"Know2Good"},
			"east":{"uv":	[1.01,0.01,15.99,15.99],"texture":"#block","cullface":"Know2Good"}
		}
	},
	{
		"__comment":"Bottom hinge",
		"from":[-0.25,4,15],
		"to":[3.25,6,16.25],
		"faces": {
			"up":{"uv":		[0.01,10.01,0.99,10.99],"texture":"#block","cullface":"Know2Good","rotation":270},
			"down":{"uv":	[0.01,11.01,0.99,11.99],"texture":"#block","cullface":"Know2Good","rotation":90},
			"north":{"uv":	[0.01,10.01,0.99,11.99],"texture":"#block","cullface":"Know2Good"},
			"south":{"uv":	[0.01,10.01,0.99,11.99],"texture":"#block","cullface":"Know2Good"},
			"west":{"uv":	[0.99,10.01,0.01,11.99],"texture":"#block","cullface":"Know2Good"},
			"east":{"uv":	[0.01,10.01,0.99,11.99],"texture":"#block","cullface":"Know2Good"}
		}
	},
	{
		"__comment":"Top hinge",
		"from":[-0.25,15,15],
		"to":[3.25,16,16.25],
		"faces": {
			"up":{"uv":		[0.01,0.01,0.99,0.99],"texture":"#block","cullface":"Know2Good","rotation":270},
			"down":{"uv":	[0.01,0.01,0.99,0.99],"texture":"#block","cullface":"Know2Good","rotation":90},
			"north":{"uv":	[0.01,0.01,0.99,0.99],"texture":"#block","cullface":"Know2Good"},
			"south":{"uv":	[0.01,0.01,0.99,0.99],"texture":"#block","cullface":"Know2Good"},
			"west":{"uv":	[0.99,0.01,0.01,0.99],"texture":"#block","cullface":"Know2Good"},
			"east":{"uv":	[0.01,0.01,0.99,0.99],"texture":"#block","cullface":"Know2Good"}
		}
	},
	{
		"__comment":"Middle hinge side",
		"from":[1,0,14.98],
		"to":[2,16,16],
		"faces": {
			"down":{"uv":	[1.01,15.01,1.99,15.99],"texture":"#block","cullface":"Know2Good","rotation":90},
			"south":{"uv":	[1.01,0.01,1.99,15.99],"texture":"#block","cullface":"Know2Good"}
		}
	},
	{
		"__comment":"Hinge side (east)",
		"from":[2,0,13],
		"to":[3.02,16,16],
		"faces": {
			"down":{"uv":	[0.01,15.01,2.99,15.99],"texture":"#block","cullface":"Know2Good","rotation":90},
			"north":{"uv":	[2.01,0.01,2.99,15.99],"texture":"#block","cullface":"Know2Good"},
			"south":{"uv":	[0.01,0.01,0.99,15.99],"texture":"#block","cullface":"Know2Good"},
			"east":{"uv":	[0.01,0.01,2.99,15.99],"texture":"#block","cullface":"Know2Good"}
		}
	},
	{
		"__comment":"Hinge side (west)",
		"from":[0,0,13],
		"to":[1,16,16],
		"faces": {
			"down":{"uv":	[0.01,15.01,2.99,15.99],"texture":"#block","cullface":"Know2Good","rotation":90},
			"north":{"uv":	[2.01,0.01,2.99,15.99],"texture":"#block","cullface":"Know2Good"},
			"south":{"uv":	[0.01,0.01,0.99,15.99],"texture":"#block","cullface":"Know2Good"},
			"west":{"uv":	[2.99,0.01,0.01,15.99],"texture":"#block","cullface":"Know2Good"}
		}
	},
	{
		"__comment":"Right",
		"from":[0,0,0.98],
		"to":[3.02,16,3],
		"faces": {
			"down":{"uv":	[13.01,15.01,14.99,15.99],"texture":"#block","cullface":"Know2Good","rotation":90},
			"north":{"uv":	[14.01,0.01,14.99,15.99],"texture":"#block","cullface":"Know2Good"},
			"south":{"uv":	[13.01,0.01,14.99,15.99],"texture":"#block","cullface":"Know2Good"},
			"west":{"uv":	[14.99,0.01,13.01,15.99],"texture":"#block","cullface":"Know2Good"},
			"east":{"uv":	[13.01,0.01,14.99,15.99],"texture":"#block","cullface":"Know2Good"}
		}
	},
	{
		"__comment":"Middle 1",
		"from":[0,0,3],
		"to":[3.02,3,13],
		"faces": {
			"up":{"uv":		[3.01,13.01,12.99,13.99],"texture":"#block","cullface":"Know2Good","rotation":270},
			"down":{"uv":	[3.01,15.01,12.99,15.99],"texture":"#block","cullface":"Know2Good","rotation":90},
			"west":{"uv":	[12.99,13.01,3.01,15.99],"texture":"#block","cullface":"Know2Good"},
			"east":{"uv":	[3.01,13.01,12.99,15.99],"texture":"#block","cullface":"Know2Good"}
		}
	},
	{
		"__comment":"Middle 2",
		"from":[0,6,3],
		"to":[3.02,9,13],
		"faces": {
			"up":{"uv":		[3.01,7.01,12.99,7.99],"texture":"#block","cullface":"Know2Good","rotation":270},
			"down":{"uv":	[3.01,9.01,12.99,9.99],"texture":"#block","cullface":"Know2Good","rotation":90},
			"west":{"uv":	[12.99,7.01,3.01,9.99],"texture":"#block","cullface":"Know2Good"},
			"east":{"uv":	[3.01,7.01,12.99,9.99],"texture":"#block","cullface":"Know2Good"}
		}
	},
	{
		"__comment":"Middle 3",
		"from":[0,12,3],
		"to":[3.02,15,13],
		"faces": {
			"up":{"uv":		[3.01,1.01,12.99,1.99],"texture":"#block","cullface":"Know2Good","rotation":270},
			"down":{"uv":	[3.01,3.01,12.99,3.99],"texture":"#block","cullface":"Know2Good","rotation":90},
			"west":{"uv":	[12.99,1.01,3.01,3.99],"texture":"#block","cullface":"Know2Good"},
			"east":{"uv":	[3.01,1.01,12.99,3.99],"texture":"#block","cullface":"Know2Good"}
		}
	},
	{
		"__comment":"Middle",
		"from":[0,3,7],
		"to":[3.02,16,9],
		"faces": {
			"north":{"uv":	[8.01,0.01,8.99,12.99],"texture":"#block","cullface":"Know2Good"},
			"south":{"uv":	[7.01,0.01,7.99,12.99],"texture":"#block","cullface":"Know2Good"},
			"west":{"uv":	[8.99,0.01,7.01,12.99],"texture":"#block","cullface":"Know2Good"},
			"east":{"uv":	[7.01,0.01,8.99,12.99],"texture":"#block","cullface":"Know2Good"}
            }
        }
    ]
}