{
    "ambientocclusion": false,
    "textures": {
        "particle": "block/redstone_dust_cross",
        "cross": "block/redstone_dust_cross",
        "crossoverlay": "block/redstone_dust_cross_overlay",
        "line": "block/redstone_dust_line",
        "lineoverlay": "block/redstone_dust_line_overlay"
    },
    "elements": [
        {   "from": [ 0, 0.25, 0 ],
            "to": [ 16, 0.25, 16 ],
            "shade": false,
            "faces": {
                "up":    { "uv": [ 0, 0, 16, 16 ], "texture": "#line", "rotation": 90, "tintindex": 0 }
            }
        },
        {   "from": [ 0, 0.25, 0 ],
            "to": [ 16, 0.25, 16 ],
            "shade": false,
            "faces": {
                "up":    { "uv": [ 0, 0, 16, 16 ], "texture": "#lineoverlay", "rotation": 90 }
            }
        },
        {   "from": [ 0, 0, 0.25 ],
            "to": [ 16, 16, 0.25 ],
            "shade": false,
            "faces": {
                "south": { "uv": [ 0, 0, 16, 16 ], "texture": "#line", "rotation": 90, "tintindex": 0 }
            }
        },
        {   "from": [ 0, 0, 0.25 ],
            "to": [ 16, 16, 0.25 ],
            "shade": false,
            "faces": {
                "south": { "uv": [ 0, 0, 16, 16 ], "texture": "#lineoverlay", "rotation": 90 }
            }
        }
    ]
}
