{
"__comment":"Made by Know2Good, part of the 'Default 3D™' resource pack || Official download page: http://www.planetminecraft.com/texture_pack/default-3d-2985741/ || © Know2Good. All rights reserved. ",
"__comment":"No UV-bleed, OK coordinate, OK texture, OK cullface",
"ambientocclusion": false,

"textures": {
	"block": 	"block/oak_door_top",
	"particle":	"block/oak_door_top"
},
"elements":[
	{
		"__comment":"The inner block",
		"from":[0.75,0,1],
		"to":[2.25,16,16],
		"faces": {
			"up":{"uv":		[1.01,0.01,15.99,0.99],"texture":"#block","cullface":"Know2Good","rotation":90},
			"south":{"uv":	[15.01,0.01,15.99,15.99],"texture":"#block","cullface":"Know2Good"},
			"west":{"uv":	[1.01,0.01,15.99,15.99],"texture":"#block","cullface":"Know2Good"},
			"east":{"uv":	[15.99,0.01,1.01,15.99],"texture":"#block","cullface":"Know2Good"}
		}
	},
	{
		"__comment":"Bottom hinge",
		"from":[-0.25,0,-0.25],
		"to":[3.25,1,1],
		"faces": {
			"up":{"uv":		[0.01,15.01,0.99,15.99],"texture":"#block","cullface":"Know2Good","rotation":90},
			"down":{"uv":	[0.01,15.01,0.99,15.99],"texture":"#block","cullface":"Know2Good","rotation":270},
			"north":{"uv":	[0.01,15.01,0.99,15.99],"texture":"#block","cullface":"Know2Good"},
			"south":{"uv":	[0.01,15.01,0.99,15.99],"texture":"#block","cullface":"Know2Good"},
			"west":{"uv":	[0.01,15.01,0.99,15.99],"texture":"#block","cullface":"Know2Good"},
			"east":{"uv":	[0.99,15.01,0.01,15.99],"texture":"#block","cullface":"Know2Good"}
		}
	},
	{
		"__comment":"Top hinge",
		"from":[-0.25,10,-0.25],
		"to":[3.25,12,1],
		"faces": {
			"up":{"uv":		[0.01,4.01,0.99,4.99],"texture":"#block","cullface":"Know2Good","rotation":90},
			"down":{"uv":	[0.01,5.01,0.99,5.99],"texture":"#block","cullface":"Know2Good","rotation":270},
			"north":{"uv":	[0.01,4.01,0.99,5.99],"texture":"#block","cullface":"Know2Good"},
			"south":{"uv":	[0.01,4.01,0.99,5.99],"texture":"#block","cullface":"Know2Good"},
			"west":{"uv":	[0.01,4.01,0.99,5.99],"texture":"#block","cullface":"Know2Good"},
			"east":{"uv":	[0.99,4.01,0.01,5.99],"texture":"#block","cullface":"Know2Good"}
		}
	},
	{
		"__comment":"Middle hinge side",
		"from":[1,0,0],
		"to":[2,16,1],
		"faces": {
			"up":{"uv":		[1.01,0.01,1.99,0.99],"texture":"#block","cullface":"Know2Good"},
			"north":{"uv":	[1.01,0.01,1.99,15.99],"texture":"#block","cullface":"Know2Good"}
		}
	},
	{
		"__comment":"Hinge side (east)",
		"from":[2,0,0],
		"to":[3.02,16,3],
		"faces": {
			"up":{"uv":		[0.01,0.01,2.99,0.99],"texture":"#block","cullface":"Know2Good","rotation":90},
			"north":{"uv":	[0.01,0.01,0.99,15.99],"texture":"#block","cullface":"Know2Good"},
			"south":{"uv":	[2.01,0.01,2.99,15.99],"texture":"#block","cullface":"Know2Good"},
			"east":{"uv":	[2.99,0.01,0.01,15.99],"texture":"#block","cullface":"Know2Good"}
		}
	},
	{
		"__comment":"Hinge side (west)",
		"from":[0,0,0],
		"to":[1,16,3],
		"faces": {
			"up":{"uv":		[0.01,0.01,2.99,0.99],"texture":"#block","cullface":"Know2Good","rotation":90},
			"north":{"uv":	[0.01,0.01,0.99,15.99],"texture":"#block","cullface":"Know2Good"},
			"south":{"uv":	[2.01,0.01,2.99,15.99],"texture":"#block","cullface":"Know2Good"},
			"west":{"uv":	[0.01,0.01,2.99,15.99],"texture":"#block","cullface":"Know2Good"}
		}
	},
	{
		"__comment":"Right",
		"from":[0,0,13],
		"to":[3.02,16,15.02],
		"faces": {
			"up":{"uv":		[13.01,0.01,14.99,0.99],"texture":"#block","cullface":"Know2Good","rotation":90},
			"north":{"uv":	[13.01,0.01,13.99,15.99],"texture":"#block","cullface":"Know2Good"},
			"south":{"uv":	[14.01,0.01,14.99,15.99],"texture":"#block","cullface":"Know2Good"},
			"west":{"uv":	[13.01,0.01,14.99,15.99],"texture":"#block","cullface":"Know2Good"},
			"east":{"uv":	[14.99,0.01,13.01,15.99],"texture":"#block","cullface":"Know2Good"}
		}
	},
	{
		"__comment":"Middle 1",
		"from":[0,1.99,3],
		"to":[3.02,5.01,13],
		"faces": {
			"up":{"uv":		[3.01,11.01,12.99,11.99],"texture":"#block","cullface":"Know2Good","rotation":90},
			"down":{"uv":	[3.01,13.01,12.99,13.99],"texture":"#block","cullface":"Know2Good","rotation":270},
			"west":{"uv":	[3.01,11.01,12.99,13.99],"texture":"#block","cullface":"Know2Good"},
			"east":{"uv":	[12.99,11.01,3.01,13.99],"texture":"#block","cullface":"Know2Good"}
		}
	},
	{
		"__comment":"Middle 2",
		"from":[0,7.99,3],
		"to":[3.02,10.01,13],
		"faces": {
			"up":{"uv":		[3.01,6.01,12.99,6.99],"texture":"#block","cullface":"Know2Good","rotation":90},
			"down":{"uv":	[3.01,7.01,12.99,7.99],"texture":"#block","cullface":"Know2Good","rotation":270},
			"west":{"uv":	[3.01,6.01,12.99,7.99],"texture":"#block","cullface":"Know2Good"},
			"east":{"uv":	[12.99,6.01,3.01,7.99],"texture":"#block","cullface":"Know2Good"}
		}
	},
	{
		"__comment":"Middle 3",
		"from":[0,13,3],
		"to":[3.02,16,13],
		"faces": {
			"up":{"uv":		[3.01,0.01,12.99,0.99],"texture":"#block","cullface":"Know2Good","rotation":90},
			"down":{"uv":	[3.01,2.01,12.99,2.99],"texture":"#block","cullface":"Know2Good","rotation":270},
			"west":{"uv":	[3.01,0.01,12.99,2.99],"texture":"#block","cullface":"Know2Good"},
			"east":{"uv":	[12.99,0.01,3.01,2.99],"texture":"#block","cullface":"Know2Good"}
		}
	},
	{
		"__comment":"Middle",
		"from":[0,0,7],
		"to":[3.02,13,9],
		"faces": {
			"north":{"uv":	[7.01,3.01,7.99,15.99],"texture":"#block","cullface":"Know2Good"},
			"south":{"uv":	[8.01,3.01,8.99,15.99],"texture":"#block","cullface":"Know2Good"},
			"west":{"uv":	[7.01,3.01,8.99,15.99],"texture":"#block","cullface":"Know2Good"},
			"east":{"uv":	[8.99,3.01,7.01,15.99],"texture":"#block","cullface":"Know2Good"}
		}
	},
	{
		"__comment":"Prevent graphical glitch",
		"from":[0.992,5,2.999],
		"to":[2.008,13,3],
		"faces": {
			"north":{"uv":	[2.01,3.01,2.99,10.99],"texture":"#block","cullface":"Know2Good"},
			"south":{"uv":	[2.01,3.01,2.99,10.99],"texture":"#block","cullface":"Know2Good"}
		}
	},
	{
		"__comment":"Handle through",
		"from":[-1,1,13],
		"to":[4,2,14],
		"faces": {
			"up":{"uv":		[13.01,14.01,13.99,14.99],"texture":"#block","cullface":"Know2Good","rotation":90},
			"down":{"uv":	[13.01,14.01,13.99,14.99],"texture":"#block","cullface":"Know2Good","rotation":270},
			"north":{"uv":	[13.01,14.01,13.99,14.99],"texture":"#block","cullface":"Know2Good"},
			"south":{"uv":	[13.01,14.01,13.99,14.99],"texture":"#block","cullface":"Know2Good"},
			"west":{"uv":	[13.01,14.01,13.99,14.99],"texture":"#block","cullface":"Know2Good"},
			"east":{"uv":	[13.99,14.01,13.01,14.99],"texture":"#block","cullface":"Know2Good"}
		}
	},
	{
		"__comment":"Handle east part 1",
		"from":[3.5,1,11],
		"to":[4,2,13],
		"faces": {
			"up":{"uv":		[11.01,14.01,12.99,14.99],"texture":"#block","cullface":"Know2Good","rotation":90},
			"down":{"uv":	[11.01,14.01,12.99,14.99],"texture":"#block","cullface":"Know2Good","rotation":270},
			"north":{"uv":	[11.01,14.01,11.99,14.99],"texture":"#block","cullface":"Know2Good"},
			"south":{"uv":	[12.01,14.01,12.99,14.99],"texture":"#block","cullface":"Know2Good"},
			"west":{"uv":	[11.01,14.01,12.99,14.99],"texture":"#block","cullface":"Know2Good"},
			"east":{"uv":	[12.99,14.01,11.01,14.99],"texture":"#block","cullface":"Know2Good"}
		}
	},
	{
		"__comment":"Handle east part 2",
		"from":[3.5,0,11],
		"to":[4,1,12],
		"faces": {
			"up":{"uv":		[11.01,15.01,11.99,15.99],"texture":"#block","cullface":"Know2Good","rotation":90},
			"down":{"uv":	[11.01,15.01,11.99,15.99],"texture":"#block","cullface":"Know2Good","rotation":270},
			"north":{"uv":	[11.01,15.01,11.99,15.99],"texture":"#block","cullface":"Know2Good"},
			"south":{"uv":	[11.01,15.01,11.99,15.99],"texture":"#block","cullface":"Know2Good"},
			"west":{"uv":	[11.01,15.01,11.99,15.99],"texture":"#block","cullface":"Know2Good"},
			"east":{"uv":	[11.99,15.01,11.01,15.99],"texture":"#block","cullface":"Know2Good"}
		}
	},
	{
		"__comment":"Handle west part 1",
		"from":[-1,1,11],
		"to":[-0.5,2,13],
		"faces": {
			"up":{"uv":		[11.01,14.01,12.99,14.99],"texture":"#block","cullface":"Know2Good","rotation":90},
			"down":{"uv":	[11.01,14.01,12.99,14.99],"texture":"#block","cullface":"Know2Good","rotation":270},
			"north":{"uv":	[11.01,14.01,11.99,14.99],"texture":"#block","cullface":"Know2Good"},
			"south":{"uv":	[12.01,14.01,12.99,14.99],"texture":"#block","cullface":"Know2Good"},
			"west":{"uv":	[11.01,14.01,12.99,14.99],"texture":"#block","cullface":"Know2Good"},
			"east":{"uv":	[12.99,14.01,11.01,14.99],"texture":"#block","cullface":"Know2Good"}
		}
	},
	{
		"__comment":"Handle west part 2",
		"from":[-1,0,11],
		"to":[-0.5,1,12],
		"faces": {
			"up":{"uv":		[11.01,15.01,11.99,15.99],"texture":"#block","cullface":"Know2Good","rotation":90},
			"down":{"uv":	[11.01,15.01,11.99,15.99],"texture":"#block","cullface":"Know2Good","rotation":270},
			"north":{"uv":	[11.01,15.01,11.99,15.99],"texture":"#block","cullface":"Know2Good"},
			"south":{"uv":	[11.01,15.01,11.99,15.99],"texture":"#block","cullface":"Know2Good"},
			"west":{"uv":	[11.01,15.01,11.99,15.99],"texture":"#block","cullface":"Know2Good"},
			"east":{"uv":	[11.99,15.01,11.01,15.99],"texture":"#block","cullface":"Know2Good"}
		}
	},
	{
		"__comment":"Prevent handle 1",
		"from":[0.74,0,11],
		"to":[2.26,2,13],
		"faces": {
			"west":{"uv":	[5.01,14.01,6.99,15.99],"texture":"#block","cullface":"Know2Good"},
			"east":{"uv":	[6.99,14.01,5.01,15.99],"texture":"#block","cullface":"Know2Good"}
		}
	},
	{
		"__comment":"Prevent handle 2",
		"from":[0,1,12.999],
		"to":[3.02,2,13],
		"faces": {
			"north":{"uv":	[12.01,13.01,12.99,13.99],"texture":"#block","cullface":"Know2Good"},
			"south":{"uv":	[12.01,13.01,12.99,13.99],"texture":"#block","cullface":"Know2Good"}
            }
        }
    ]
}