{
	"textures": {
		"texture": "block/iron_bars",
		"particle": "block/iron_bars"
	},
	"elements": [
		{
			"from": [7, 0, 2],
			"to": [9, 16, 4],
			"faces": {
				"north": {"uv": [2.01, 0.01, 3.99, 15.99], "texture": "#texture"},
				"east": {"uv": [3.99, 0.01, 2.01, 15.99], "texture": "#texture"},
				"south": {"uv": [2.01, 0.01, 3.99, 15.99], "texture": "#texture"},
				"west": {"uv": [3.99, 0.01, 2.01, 15.99], "texture": "#texture"},
				"up": {"uv": [2.01, 0.01, 3.99, 1.99], "texture": "#texture"},
				"down": {"uv": [2.01, 14.01, 3.99, 15.99], "texture": "#texture"}
			}
		},
		{
			"from": [7.5, 12, 4],
			"to": [8.5, 14, 7],
			"faces": {
				"east": {"uv": [6.99, 2.01, 4.01, 3.99], "texture": "#texture"},
				"west": {"uv": [4.01, 2.01, 6.99, 3.99], "texture": "#texture"},
				"up": {"uv": [4.01, 2.01, 6.99, 2.99], "rotation": 90, "texture": "#texture"},
				"down": {"uv": [4.01, 3.01, 6.99, 3.99], "rotation": 270, "texture": "#texture"}
			}
		},
		{
			"from": [7.5, 7, 0],
			"to": [8.5, 9, 2],
			"faces": {
				"north": {"uv": [0.01, 7.01, 0.99, 8.99], "texture": "#texture"},
				"east": {"uv": [1.99, 7.01, 0.01, 8.99], "texture": "#texture"},
				"west": {"uv": [0.01, 7.01, 1.99, 8.99], "texture": "#texture"},
				"up": {"uv": [0.01, 7.01, 1.99, 7.99], "rotation": 90, "texture": "#texture"},
				"down": {"uv": [0.01, 8.01, 1.99, 8.99], "rotation": 270, "texture": "#texture"}
			}
		}
	]
}