{"variants":{"facing=north,honey_level=0":{"model":"block/bee_nest"},"facing=south,honey_level=0":{"model":"block/bee_nest","y":180},"facing=west,honey_level=0":{"model":"block/bee_nest","y":270},"facing=east,honey_level=0":{"model":"block/bee_nest","y":90},"facing=north,honey_level=1":{"model":"block/bee_nest_honey_1"},"facing=south,honey_level=1":{"model":"block/bee_nest_honey_1","y":180},"facing=west,honey_level=1":{"model":"block/bee_nest_honey_1","y":270},"facing=east,honey_level=1":{"model":"block/bee_nest_honey_1","y":90},"facing=north,honey_level=2":{"model":"block/bee_nest_honey_2"},"facing=south,honey_level=2":{"model":"block/bee_nest_honey_2","y":180},"facing=west,honey_level=2":{"model":"block/bee_nest_honey_2","y":270},"facing=east,honey_level=2":{"model":"block/bee_nest_honey_2","y":90},"facing=north,honey_level=3":{"model":"block/bee_nest_honey_3"},"facing=south,honey_level=3":{"model":"block/bee_nest_honey_3","y":180},"facing=west,honey_level=3":{"model":"block/bee_nest_honey_3","y":270},"facing=east,honey_level=3":{"model":"block/bee_nest_honey_3","y":90},"facing=north,honey_level=4":{"model":"block/bee_nest_honey_4"},"facing=south,honey_level=4":{"model":"block/bee_nest_honey_4","y":180},"facing=west,honey_level=4":{"model":"block/bee_nest_honey_4","y":270},"facing=east,honey_level=4":{"model":"block/bee_nest_honey_4","y":90},"facing=north,honey_level=5":{"model":"block/bee_nest_honey_5"},"facing=south,honey_level=5":{"model":"block/bee_nest_honey_5","y":180},"facing=west,honey_level=5":{"model":"block/bee_nest_honey_5","y":270},"facing=east,honey_level=5":{"model":"block/bee_nest_honey_5","y":90}}}