{
	"credit": "Made with Blockbench",
	"textures": {
		"block": "block/iron_door_bottom",
		"particle": "block/iron_door_bottom"
	},
	"elements": [
		{
			"name": "Inner Block",
			"from": [1, 0, 0],
			"to": [2, 16, 16],
			"rotation": {"angle": 0, "axis": "y", "origin": [-5, 8, 8]},
			"faces": {
				"north": {"uv": [0, 2, 1, 6], "texture": "#block"},
				"east": {"uv": [0, 0, 16, 16], "texture": "#block"},
				"south": {"uv": [0, 6, 1, 8], "texture": "#block"},
				"west": {"uv": [0, 0, 16, 16], "texture": "#block"},
				"down": {"uv": [0, 2, 1, 6], "rotation": 180, "texture": "#block"}
			}
		},
		{
			"name": "Bottom Outline Outer",
			"from": [2, 0, 0],
			"to": [3, 1, 16],
			"rotation": {"angle": 0, "axis": "y", "origin": [-5, 8, 8]},
			"faces": {
				"north": {"uv": [0, 2, 1, 6], "texture": "#block"},
				"east": {"uv": [0, 15, 16, 16], "texture": "#block"},
				"south": {"uv": [0, 2, 1, 6], "texture": "#block"},
				"west": {"uv": [0, 0, 16, 1], "texture": "#missing"},
				"up": {"uv": [0, 0, 1, 16], "rotation": 180, "texture": "#missing"},
				"down": {"uv": [0, 2, 1, 6], "rotation": 180, "texture": "#block"}
			}
		},
		{
			"name": "Bottom Outline Outer",
			"from": [0, 0, 0],
			"to": [1, 1, 16],
			"rotation": {"angle": 0, "axis": "y", "origin": [-5, 8, 8]},
			"faces": {
				"north": {"uv": [0, 2, 1, 6], "texture": "#block"},
				"east": {"uv": [0, 15, 16, 16], "texture": "#block"},
				"south": {"uv": [0, 2, 1, 6], "texture": "#block"},
				"west": {"uv": [0, 2, 1, 6], "texture": "#block"},
				"up": {"uv": [0, 0, 1, 16], "rotation": 180, "texture": "#missing"},
				"down": {"uv": [0, 2, 1, 6], "rotation": 180, "texture": "#block"}
			}
		},
		{
			"name": "outline right outer",
			"from": [2, 1, 0],
			"to": [3, 16, 1],
			"rotation": {"angle": 0, "axis": "y", "origin": [-5, 8, 8]},
			"faces": {
				"north": {"uv": [0, 2, 1, 6], "texture": "#block"},
				"east": {"uv": [0, 11, 1, 15], "texture": "#block"},
				"south": {"uv": [0, 0, 1, 4], "texture": "#missing"},
				"west": {"uv": [0, 0, 1, 4], "texture": "#missing"},
				"down": {"uv": [0, 0, 1, 1], "rotation": 180, "texture": "#missing"}
			}
		},
		{
			"name": "outline right outer",
			"from": [0, 1, 0],
			"to": [1, 16, 1],
			"rotation": {"angle": 0, "axis": "y", "origin": [-5, 8, 8]},
			"faces": {
				"north": {"uv": [0, 2, 1, 6], "texture": "#block"},
				"east": {"uv": [0, 11, 1, 15], "texture": "#block"},
				"south": {"uv": [0, 0, 1, 4], "texture": "#missing"},
				"west": {"uv": [0, 2, 1, 6], "texture": "#block"},
				"down": {"uv": [0, 0, 1, 1], "rotation": 180, "texture": "#missing"}
			}
		},
		{
			"name": "putline left bottom outer",
			"from": [2, 1, 15],
			"to": [3, 5, 16],
			"rotation": {"angle": 0, "axis": "y", "origin": [-5, 8, 8]},
			"faces": {
				"north": {"uv": [0, 0, 1, 4], "texture": "#missing"},
				"east": {"uv": [0, 11, 1, 15], "texture": "#block"},
				"south": {"uv": [0, 2, 1, 6], "texture": "#block"},
				"west": {"uv": [0, 0, 1, 4], "texture": "#missing"},
				"up": {"uv": [0, 0, 1, 1], "rotation": 180, "texture": "#missing"},
				"down": {"uv": [0, 0, 1, 1], "rotation": 180, "texture": "#missing"}
			}
		},
		{
			"name": "putline left bottom outer",
			"from": [0, 1, 15],
			"to": [1, 5, 16],
			"rotation": {"angle": 0, "axis": "y", "origin": [-5, 8, 8]},
			"faces": {
				"north": {"uv": [0, 0, 1, 4], "texture": "#missing"},
				"east": {"uv": [0, 11, 1, 15], "texture": "#block"},
				"south": {"uv": [0, 2, 1, 6], "texture": "#block"},
				"west": {"uv": [0, 2, 1, 6], "texture": "#block"},
				"up": {"uv": [0, 0, 1, 1], "rotation": 180, "texture": "#missing"},
				"down": {"uv": [0, 0, 1, 1], "rotation": 180, "texture": "#missing"}
			}
		},
		{
			"name": "putline left top outer",
			"from": [2, 7, 15],
			"to": [3, 15, 16],
			"rotation": {"angle": 0, "axis": "y", "origin": [-5, 8, 8]},
			"faces": {
				"north": {"uv": [0, 0, 1, 4], "texture": "#missing"},
				"east": {"uv": [0, 11, 1, 15], "texture": "#block"},
				"south": {"uv": [0, 2, 1, 6], "texture": "#block"},
				"west": {"uv": [0, 0, 1, 4], "texture": "#missing"},
				"up": {"uv": [0, 0, 1, 1], "rotation": 180, "texture": "#missing"},
				"down": {"uv": [0, 0, 1, 1], "rotation": 180, "texture": "#missing"}
			}
		},
		{
			"name": "putline left top outer",
			"from": [0, 7, 15],
			"to": [1, 15, 16],
			"rotation": {"angle": 0, "axis": "y", "origin": [-5, 8, 8]},
			"faces": {
				"north": {"uv": [0, 0, 1, 4], "texture": "#missing"},
				"east": {"uv": [0, 11, 1, 15], "texture": "#block"},
				"south": {"uv": [0, 2, 1, 6], "texture": "#block"},
				"west": {"uv": [0, 2, 1, 6], "texture": "#block"},
				"up": {"uv": [0, 0, 1, 1], "rotation": 180, "texture": "#missing"},
				"down": {"uv": [0, 0, 1, 1], "rotation": 180, "texture": "#missing"}
			}
		},
		{
			"from": [2, 7, 7],
			"to": [3, 8, 9],
			"rotation": {"angle": 0, "axis": "y", "origin": [-5, 8, 8]},
			"faces": {
				"north": {"uv": [0, 0, 1, 1], "texture": "#missing"},
				"east": {"uv": [7, 8, 9, 9], "texture": "#block"},
				"south": {"uv": [0, 0, 1, 1], "texture": "#missing"},
				"west": {"uv": [0, 0, 2, 1], "texture": "#missing"},
				"up": {"uv": [7, 6, 8, 7], "rotation": 180, "texture": "#block"},
				"down": {"uv": [7, 6, 8, 7], "rotation": 180, "texture": "#block"}
			}
		},
		{
			"from": [2, 2, 13],
			"to": [3, 3, 14],
			"rotation": {"angle": 0, "axis": "y", "origin": [-5, 8, 8]},
			"faces": {
				"north": {"uv": [0, 0, 1, 1], "texture": "#missing"},
				"east": {"uv": [2, 2, 3, 3], "texture": "#block"},
				"south": {"uv": [0, 0, 1, 1], "texture": "#missing"},
				"west": {"uv": [0, 0, 1, 1], "texture": "#missing"},
				"up": {"uv": [0, 0, 1, 1], "rotation": 180, "texture": "#missing"},
				"down": {"uv": [0, 0, 1, 1], "rotation": 180, "texture": "#missing"}
			}
		},
		{
			"from": [2, 2, 2],
			"to": [3, 3, 3],
			"rotation": {"angle": 0, "axis": "y", "origin": [-5, 8, 8]},
			"faces": {
				"north": {"uv": [0, 0, 1, 1], "texture": "#missing"},
				"east": {"uv": [2, 2, 3, 3], "texture": "#block"},
				"south": {"uv": [0, 0, 1, 1], "texture": "#missing"},
				"west": {"uv": [0, 0, 1, 1], "texture": "#missing"},
				"up": {"uv": [0, 0, 1, 1], "rotation": 180, "texture": "#missing"},
				"down": {"uv": [0, 0, 1, 1], "rotation": 180, "texture": "#missing"}
			}
		},
		{
			"from": [2, 13, 13],
			"to": [3, 14, 14],
			"rotation": {"angle": 0, "axis": "y", "origin": [-5, 8, 8]},
			"faces": {
				"north": {"uv": [0, 0, 1, 1], "texture": "#missing"},
				"east": {"uv": [2, 2, 3, 3], "texture": "#block"},
				"south": {"uv": [0, 0, 1, 1], "texture": "#missing"},
				"west": {"uv": [0, 0, 1, 1], "texture": "#missing"},
				"up": {"uv": [0, 0, 1, 1], "rotation": 180, "texture": "#missing"},
				"down": {"uv": [0, 0, 1, 1], "rotation": 180, "texture": "#missing"}
			}
		},
		{
			"from": [2, 13, 2],
			"to": [3, 14, 3],
			"rotation": {"angle": 0, "axis": "y", "origin": [-5, 8, 8]},
			"faces": {
				"north": {"uv": [0, 0, 1, 1], "texture": "#missing"},
				"east": {"uv": [2, 2, 3, 3], "texture": "#block"},
				"south": {"uv": [0, 0, 1, 1], "texture": "#missing"},
				"west": {"uv": [0, 0, 1, 1], "texture": "#missing"},
				"up": {"uv": [0, 0, 1, 1], "rotation": 180, "texture": "#missing"},
				"down": {"uv": [0, 0, 1, 1], "rotation": 180, "texture": "#missing"}
			}
		},
		{
			"from": [2, 15, 1],
			"to": [3, 16, 2],
			"rotation": {"angle": 0, "axis": "y", "origin": [-5, 8, 8]},
			"faces": {
				"north": {"uv": [0, 0, 1, 1], "texture": "#missing"},
				"east": {"uv": [2, 2, 3, 3], "texture": "#block"},
				"south": {"uv": [0, 0, 1, 1], "texture": "#missing"},
				"west": {"uv": [0, 0, 1, 1], "texture": "#missing"},
				"down": {"uv": [0, 0, 1, 1], "rotation": 180, "texture": "#missing"}
			}
		},
		{
			"from": [2, 15, 5],
			"to": [3, 16, 15],
			"rotation": {"angle": 0, "axis": "y", "origin": [-5, 8, 8]},
			"faces": {
				"north": {"uv": [0, 0, 1, 1], "texture": "#missing"},
				"east": {"uv": [2, 2, 3, 3], "texture": "#block"},
				"south": {"uv": [0, 0, 1, 1], "texture": "#missing"},
				"west": {"uv": [0, 0, 1, 1], "texture": "#missing"},
				"down": {"uv": [0, 0, 1, 1], "rotation": 180, "texture": "#missing"}
			}
		},
		{
			"from": [2, 2, 3],
			"to": [3, 3, 13],
			"rotation": {"angle": 0, "axis": "y", "origin": [-5, 8, 8]},
			"faces": {
				"north": {"uv": [0, 0, 1, 1], "texture": "#missing"},
				"east": {"uv": [3, 13, 13, 14], "texture": "#block"},
				"south": {"uv": [0, 0, 1, 1], "texture": "#missing"},
				"west": {"uv": [0, 0, 10, 1], "texture": "#missing"},
				"up": {"uv": [4, 12, 12, 13], "rotation": 180, "texture": "#block"},
				"down": {"uv": [0, 0, 1, 10], "rotation": 180, "texture": "#missing"}
			}
		},
		{
			"from": [2, 12, 3],
			"to": [3, 13, 13],
			"rotation": {"angle": 0, "axis": "y", "origin": [-5, 8, 8]},
			"faces": {
				"north": {"uv": [0, 0, 1, 1], "texture": "#missing"},
				"east": {"uv": [3, 13, 13, 14], "texture": "#block"},
				"south": {"uv": [0, 0, 1, 1], "texture": "#missing"},
				"west": {"uv": [0, 0, 10, 1], "texture": "#missing"},
				"up": {"uv": [0, 0, 1, 10], "rotation": 180, "texture": "#missing"},
				"down": {"uv": [4, 4, 12, 5], "rotation": 180, "texture": "#block"}
			}
		},
		{
			"from": [2, 13, 3],
			"to": [3, 14, 13],
			"rotation": {"angle": 0, "axis": "y", "origin": [-5, 8, 8]},
			"faces": {
				"north": {"uv": [0, 0, 1, 1], "texture": "#missing"},
				"east": {"uv": [3, 13, 13, 14], "texture": "#block"},
				"south": {"uv": [0, 0, 1, 1], "texture": "#missing"},
				"west": {"uv": [0, 0, 10, 1], "texture": "#missing"},
				"up": {"uv": [0, 0, 1, 10], "rotation": 180, "texture": "#missing"},
				"down": {"uv": [0, 0, 1, 10], "rotation": 180, "texture": "#missing"}
			}
		},
		{
			"from": [2, 3, 13],
			"to": [3, 13, 14],
			"rotation": {"angle": 0, "axis": "y", "origin": [-5, 8, 8]},
			"faces": {
				"north": {"uv": [3, 7, 4, 11], "texture": "#block"},
				"east": {"uv": [2, 3, 3, 13], "texture": "#block"},
				"south": {"uv": [0, 0, 1, 10], "texture": "#missing"},
				"west": {"uv": [0, 0, 1, 10], "texture": "#missing"},
				"up": {"uv": [0, 0, 1, 1], "rotation": 180, "texture": "#missing"},
				"down": {"uv": [0, 0, 1, 1], "rotation": 180, "texture": "#missing"}
			}
		},
		{
			"from": [2, 3, 2],
			"to": [3, 13, 3],
			"rotation": {"angle": 0, "axis": "y", "origin": [-5, 8, 8]},
			"faces": {
				"north": {"uv": [0, 0, 1, 10], "texture": "#missing"},
				"east": {"uv": [2, 3, 3, 13], "texture": "#block"},
				"south": {"uv": [3, 7, 4, 11], "texture": "#block"},
				"west": {"uv": [0, 0, 1, 10], "texture": "#missing"},
				"up": {"uv": [0, 0, 1, 1], "rotation": 180, "texture": "#missing"},
				"down": {"uv": [0, 0, 1, 1], "rotation": 180, "texture": "#missing"}
			}
		},
		{
			"from": [2, 15, 2],
			"to": [3.5, 16, 5],
			"rotation": {"angle": 0, "axis": "y", "origin": [-5, 8, 8]},
			"faces": {
				"north": {"uv": [12, 0, 14, 1], "texture": "#block"},
				"east": {"uv": [11, 0, 14, 1], "texture": "#block"},
				"south": {"uv": [12, 0, 14, 1], "texture": "#block"},
				"west": {"uv": [0, 0, 3, 1], "texture": "#missing"},
				"up": {"uv": [11, 0, 14, 1], "rotation": 180, "texture": "#block"},
				"down": {"uv": [11, 0, 13, 1], "rotation": 180, "texture": "#block"}
			}
		},
		{
			"from": [2, 3, 12],
			"to": [3, 5, 13],
			"rotation": {"angle": 0, "axis": "y", "origin": [-5, 8, 8]},
			"faces": {
				"north": {"uv": [7, 6, 8, 7], "texture": "#block"},
				"east": {"uv": [3, 11, 4, 13], "texture": "#block"},
				"south": {"uv": [0, 0, 1, 2], "texture": "#missing"},
				"west": {"uv": [0, 0, 1, 2], "texture": "#missing"},
				"up": {"uv": [7, 6, 8, 7], "rotation": 180, "texture": "#block"},
				"down": {"uv": [0, 0, 1, 1], "rotation": 180, "texture": "#missing"}
			}
		},
		{
			"from": [2, 4, 11],
			"to": [3, 6, 12],
			"rotation": {"angle": 0, "axis": "y", "origin": [-5, 8, 8]},
			"faces": {
				"north": {"uv": [7, 6, 8, 7], "texture": "#block"},
				"east": {"uv": [3, 11, 4, 13], "texture": "#block"},
				"south": {"uv": [7, 6, 8, 7], "texture": "#block"},
				"west": {"uv": [0, 0, 1, 2], "texture": "#missing"},
				"up": {"uv": [7, 6, 8, 7], "rotation": 180, "texture": "#block"},
				"down": {"uv": [7, 6, 8, 7], "rotation": 180, "texture": "#block"}
			}
		},
		{
			"from": [2, 9, 11],
			"to": [3, 11, 12],
			"rotation": {"angle": 0, "axis": "y", "origin": [-5, 8, 8]},
			"faces": {
				"north": {"uv": [7, 6, 8, 7], "texture": "#block"},
				"east": {"uv": [3, 11, 4, 13], "texture": "#block"},
				"south": {"uv": [7, 6, 8, 7], "texture": "#block"},
				"west": {"uv": [0, 0, 1, 2], "texture": "#missing"},
				"up": {"uv": [7, 6, 8, 7], "rotation": 180, "texture": "#block"},
				"down": {"uv": [7, 6, 8, 7], "rotation": 180, "texture": "#block"}
			}
		},
		{
			"from": [2, 5, 10],
			"to": [3, 7, 11],
			"rotation": {"angle": 0, "axis": "y", "origin": [-5, 8, 8]},
			"faces": {
				"north": {"uv": [7, 6, 8, 7], "texture": "#block"},
				"east": {"uv": [3, 11, 4, 13], "texture": "#block"},
				"south": {"uv": [7, 6, 8, 7], "texture": "#block"},
				"west": {"uv": [0, 0, 1, 2], "texture": "#missing"},
				"up": {"uv": [7, 6, 8, 7], "rotation": 180, "texture": "#block"},
				"down": {"uv": [7, 6, 8, 7], "rotation": 180, "texture": "#block"}
			}
		},
		{
			"from": [2, 8, 10],
			"to": [3, 10, 11],
			"rotation": {"angle": 0, "axis": "y", "origin": [-5, 8, 8]},
			"faces": {
				"north": {"uv": [7, 6, 8, 7], "texture": "#block"},
				"east": {"uv": [3, 11, 4, 13], "texture": "#block"},
				"south": {"uv": [7, 6, 8, 7], "texture": "#block"},
				"west": {"uv": [0, 0, 1, 2], "texture": "#missing"},
				"up": {"uv": [7, 6, 8, 7], "rotation": 180, "texture": "#block"},
				"down": {"uv": [7, 6, 8, 7], "rotation": 180, "texture": "#block"}
			}
		},
		{
			"from": [2, 10, 12],
			"to": [3, 12, 13],
			"rotation": {"angle": 0, "axis": "y", "origin": [-5, 8, 8]},
			"faces": {
				"north": {"uv": [7, 6, 8, 7], "texture": "#block"},
				"east": {"uv": [3, 11, 4, 13], "texture": "#block"},
				"south": {"uv": [0, 0, 1, 2], "texture": "#missing"},
				"west": {"uv": [0, 0, 1, 2], "texture": "#missing"},
				"up": {"uv": [0, 0, 1, 1], "rotation": 180, "texture": "#missing"},
				"down": {"uv": [7, 6, 8, 7], "rotation": 180, "texture": "#block"}
			}
		},
		{
			"from": [2, 10, 3],
			"to": [3, 12, 4],
			"rotation": {"angle": 0, "axis": "y", "origin": [-5, 8, 8]},
			"faces": {
				"north": {"uv": [0, 0, 1, 2], "texture": "#missing"},
				"east": {"uv": [3, 11, 4, 13], "texture": "#block"},
				"south": {"uv": [7, 6, 8, 7], "texture": "#block"},
				"west": {"uv": [0, 0, 1, 2], "texture": "#missing"},
				"up": {"uv": [0, 0, 1, 1], "rotation": 180, "texture": "#missing"},
				"down": {"uv": [7, 6, 8, 7], "rotation": 180, "texture": "#block"}
			}
		},
		{
			"from": [2, 3, 3],
			"to": [3, 5, 4],
			"rotation": {"angle": 0, "axis": "y", "origin": [-5, 8, 8]},
			"faces": {
				"north": {"uv": [0, 0, 1, 2], "texture": "#missing"},
				"east": {"uv": [3, 11, 4, 13], "texture": "#block"},
				"south": {"uv": [7, 6, 8, 7], "texture": "#block"},
				"west": {"uv": [0, 0, 1, 2], "texture": "#missing"},
				"up": {"uv": [7, 6, 8, 7], "rotation": 180, "texture": "#block"},
				"down": {"uv": [0, 0, 1, 1], "rotation": 180, "texture": "#missing"}
			}
		},
		{
			"from": [2, 4, 4],
			"to": [3, 6, 5],
			"rotation": {"angle": 0, "axis": "y", "origin": [-5, 8, 8]},
			"faces": {
				"north": {"uv": [7, 6, 8, 7], "texture": "#block"},
				"east": {"uv": [3, 11, 4, 13], "texture": "#block"},
				"south": {"uv": [7, 6, 8, 7], "texture": "#block"},
				"west": {"uv": [0, 0, 1, 2], "texture": "#missing"},
				"up": {"uv": [7, 6, 8, 7], "rotation": 180, "texture": "#block"},
				"down": {"uv": [7, 6, 8, 7], "rotation": 180, "texture": "#block"}
			}
		},
		{
			"from": [2, 5, 5],
			"to": [3, 7, 6],
			"rotation": {"angle": 0, "axis": "y", "origin": [-5, 8, 8]},
			"faces": {
				"north": {"uv": [7, 6, 8, 7], "texture": "#block"},
				"east": {"uv": [3, 11, 4, 13], "texture": "#block"},
				"south": {"uv": [7, 6, 8, 7], "texture": "#block"},
				"west": {"uv": [0, 0, 1, 2], "texture": "#missing"},
				"up": {"uv": [7, 6, 8, 7], "rotation": 180, "texture": "#block"},
				"down": {"uv": [7, 6, 8, 7], "rotation": 180, "texture": "#block"}
			}
		},
		{
			"from": [2, 8, 5],
			"to": [3, 10, 6],
			"rotation": {"angle": 0, "axis": "y", "origin": [-5, 8, 8]},
			"faces": {
				"north": {"uv": [7, 6, 8, 7], "texture": "#block"},
				"east": {"uv": [3, 11, 4, 13], "texture": "#block"},
				"south": {"uv": [7, 6, 8, 7], "texture": "#block"},
				"west": {"uv": [0, 0, 1, 2], "texture": "#missing"},
				"up": {"uv": [7, 6, 8, 7], "rotation": 180, "texture": "#block"},
				"down": {"uv": [7, 6, 8, 7], "rotation": 180, "texture": "#block"}
			}
		},
		{
			"from": [2, 9, 4],
			"to": [3, 11, 5],
			"rotation": {"angle": 0, "axis": "y", "origin": [-5, 8, 8]},
			"faces": {
				"north": {"uv": [7, 6, 8, 7], "texture": "#block"},
				"east": {"uv": [3, 11, 4, 13], "texture": "#block"},
				"south": {"uv": [7, 6, 8, 7], "texture": "#block"},
				"west": {"uv": [0, 0, 1, 2], "texture": "#missing"},
				"up": {"uv": [7, 6, 8, 7], "rotation": 180, "texture": "#block"},
				"down": {"uv": [7, 6, 8, 7], "rotation": 180, "texture": "#block"}
			}
		},
		{
			"from": [2, 6, 9],
			"to": [3, 9, 10],
			"rotation": {"angle": 0, "axis": "y", "origin": [-5, 8, 8]},
			"faces": {
				"north": {"uv": [7, 6, 8, 7], "texture": "#block"},
				"east": {"uv": [6, 7, 7, 10], "texture": "#block"},
				"south": {"uv": [7, 6, 8, 7], "texture": "#block"},
				"west": {"uv": [0, 0, 1, 3], "texture": "#missing"},
				"up": {"uv": [7, 6, 8, 7], "rotation": 180, "texture": "#block"},
				"down": {"uv": [7, 6, 8, 7], "rotation": 180, "texture": "#block"}
			}
		},
		{
			"from": [2, 6, 6],
			"to": [3, 9, 7],
			"rotation": {"angle": 0, "axis": "y", "origin": [-5, 8, 8]},
			"faces": {
				"north": {"uv": [7, 6, 8, 7], "texture": "#block"},
				"east": {"uv": [6, 7, 7, 10], "texture": "#block"},
				"south": {"uv": [7, 6, 8, 7], "texture": "#block"},
				"west": {"uv": [0, 0, 1, 3], "texture": "#missing"},
				"up": {"uv": [7, 6, 8, 7], "rotation": 180, "texture": "#block"},
				"down": {"uv": [7, 6, 8, 7], "rotation": 180, "texture": "#block"}
			}
		},
		{
			"from": [2, 2, 1],
			"to": [3, 14, 2],
			"rotation": {"angle": 0, "axis": "y", "origin": [-5, 8, 8]},
			"faces": {
				"north": {"uv": [0, 0, 1, 12], "texture": "#missing"},
				"east": {"uv": [1, 2, 2, 14], "texture": "#block"},
				"south": {"uv": [0, 0, 1, 12], "texture": "#missing"},
				"west": {"uv": [0, 0, 1, 12], "texture": "#missing"},
				"up": {"uv": [0, 0, 1, 1], "rotation": 180, "texture": "#missing"},
				"down": {"uv": [0, 0, 1, 1], "rotation": 180, "texture": "#missing"}
			}
		},
		{
			"from": [2, 2, 14],
			"to": [3, 14, 15],
			"rotation": {"angle": 0, "axis": "y", "origin": [-5, 8, 8]},
			"faces": {
				"north": {"uv": [0, 0, 1, 12], "texture": "#missing"},
				"east": {"uv": [1, 2, 2, 14], "texture": "#block"},
				"south": {"uv": [0, 0, 1, 12], "texture": "#missing"},
				"west": {"uv": [0, 0, 1, 12], "texture": "#missing"},
				"up": {"uv": [0, 0, 1, 1], "rotation": 180, "texture": "#missing"},
				"down": {"uv": [0, 0, 1, 1], "rotation": 180, "texture": "#missing"}
			}
		},
		{
			"from": [2, 14, 1],
			"to": [3, 15, 15],
			"rotation": {"angle": 0, "axis": "y", "origin": [-5, 8, 8]},
			"faces": {
				"north": {"uv": [0, 0, 1, 1], "texture": "#missing"},
				"east": {"uv": [1, 14, 15, 15], "texture": "#block"},
				"south": {"uv": [0, 0, 1, 1], "texture": "#missing"},
				"west": {"uv": [0, 0, 14, 1], "texture": "#missing"},
				"up": {"uv": [0, 0, 1, 14], "rotation": 180, "texture": "#missing"},
				"down": {"uv": [0, 0, 1, 14], "rotation": 180, "texture": "#missing"}
			}
		},
		{
			"from": [2, 1, 1],
			"to": [3, 2, 15],
			"rotation": {"angle": 0, "axis": "y", "origin": [-5, 8, 8]},
			"faces": {
				"north": {"uv": [0, 0, 1, 1], "texture": "#missing"},
				"east": {"uv": [1, 14, 15, 15], "texture": "#block"},
				"south": {"uv": [0, 0, 1, 1], "texture": "#missing"},
				"west": {"uv": [0, 0, 14, 1], "texture": "#missing"},
				"up": {"uv": [0, 0, 1, 14], "rotation": 180, "texture": "#missing"},
				"down": {"uv": [0, 0, 1, 14], "rotation": 180, "texture": "#missing"}
			}
		},
		{
			"from": [0, 7, 7],
			"to": [1, 8, 9],
			"rotation": {"angle": 0, "axis": "y", "origin": [-5, 8, 8]},
			"faces": {
				"north": {"uv": [0, 0, 1, 1], "texture": "#missing"},
				"east": {"uv": [0, 0, 2, 1], "texture": "#missing"},
				"south": {"uv": [0, 0, 1, 1], "texture": "#missing"},
				"west": {"uv": [7, 8, 9, 9], "texture": "#block"},
				"up": {"uv": [7, 6, 8, 7], "texture": "#block"},
				"down": {"uv": [7, 6, 8, 7], "texture": "#block"}
			}
		},
		{
			"from": [0, 2, 2],
			"to": [1, 3, 3],
			"rotation": {"angle": 0, "axis": "y", "origin": [-5, 8, 8]},
			"faces": {
				"north": {"uv": [0, 0, 1, 1], "texture": "#missing"},
				"east": {"uv": [0, 0, 1, 1], "texture": "#missing"},
				"south": {"uv": [0, 0, 1, 1], "texture": "#missing"},
				"west": {"uv": [2, 2, 3, 3], "texture": "#block"},
				"up": {"uv": [0, 0, 1, 1], "texture": "#missing"},
				"down": {"uv": [0, 0, 1, 1], "texture": "#missing"}
			}
		},
		{
			"from": [0, 2, 13],
			"to": [1, 3, 14],
			"rotation": {"angle": 0, "axis": "y", "origin": [-5, 8, 8]},
			"faces": {
				"north": {"uv": [0, 0, 1, 1], "texture": "#missing"},
				"east": {"uv": [0, 0, 1, 1], "texture": "#missing"},
				"south": {"uv": [0, 0, 1, 1], "texture": "#missing"},
				"west": {"uv": [2, 2, 3, 3], "texture": "#block"},
				"up": {"uv": [0, 0, 1, 1], "texture": "#missing"},
				"down": {"uv": [0, 0, 1, 1], "texture": "#missing"}
			}
		},
		{
			"from": [0, 13, 2],
			"to": [1, 14, 3],
			"rotation": {"angle": 0, "axis": "y", "origin": [-5, 8, 8]},
			"faces": {
				"north": {"uv": [0, 0, 1, 1], "texture": "#missing"},
				"east": {"uv": [0, 0, 1, 1], "texture": "#missing"},
				"south": {"uv": [0, 0, 1, 1], "texture": "#missing"},
				"west": {"uv": [2, 2, 3, 3], "texture": "#block"},
				"up": {"uv": [0, 0, 1, 1], "texture": "#missing"},
				"down": {"uv": [0, 0, 1, 1], "texture": "#missing"}
			}
		},
		{
			"from": [0, 13, 13],
			"to": [1, 14, 14],
			"rotation": {"angle": 0, "axis": "y", "origin": [-5, 8, 8]},
			"faces": {
				"north": {"uv": [0, 0, 1, 1], "texture": "#missing"},
				"east": {"uv": [0, 0, 1, 1], "texture": "#missing"},
				"south": {"uv": [0, 0, 1, 1], "texture": "#missing"},
				"west": {"uv": [2, 2, 3, 3], "texture": "#block"},
				"up": {"uv": [0, 0, 1, 1], "texture": "#missing"},
				"down": {"uv": [0, 0, 1, 1], "texture": "#missing"}
			}
		},
		{
			"from": [0, 15, 1],
			"to": [1, 16, 2],
			"rotation": {"angle": 0, "axis": "y", "origin": [-5, 8, 8]},
			"faces": {
				"north": {"uv": [0, 0, 1, 1], "texture": "#missing"},
				"east": {"uv": [0, 0, 1, 1], "texture": "#missing"},
				"south": {"uv": [0, 0, 1, 1], "texture": "#missing"},
				"west": {"uv": [2, 2, 3, 3], "texture": "#block"},
				"down": {"uv": [0, 0, 1, 1], "texture": "#missing"}
			}
		},
		{
			"from": [0, 15, 5],
			"to": [1, 16, 15],
			"rotation": {"angle": 0, "axis": "y", "origin": [-5, 8, 8]},
			"faces": {
				"north": {"uv": [0, 0, 1, 1], "rotation": 180, "texture": "#missing"},
				"east": {"uv": [0, 0, 1, 1], "rotation": 180, "texture": "#missing"},
				"south": {"uv": [0, 0, 1, 1], "rotation": 180, "texture": "#missing"},
				"west": {"uv": [2, 2, 3, 3], "rotation": 180, "texture": "#block"},
				"down": {"uv": [0, 0, 1, 1], "texture": "#missing"}
			}
		},
		{
			"from": [0, 2, 3],
			"to": [1, 3, 13],
			"rotation": {"angle": 0, "axis": "y", "origin": [-5, 8, 8]},
			"faces": {
				"north": {"uv": [0, 0, 1, 1], "texture": "#missing"},
				"east": {"uv": [0, 0, 10, 1], "texture": "#missing"},
				"south": {"uv": [0, 0, 1, 1], "texture": "#missing"},
				"west": {"uv": [3, 13, 13, 14], "texture": "#block"},
				"up": {"uv": [4, 12, 12, 13], "texture": "#block"},
				"down": {"uv": [0, 0, 1, 10], "texture": "#missing"}
			}
		},
		{
			"from": [0, 12, 3],
			"to": [1, 13, 13],
			"rotation": {"angle": 0, "axis": "y", "origin": [-5, 8, 8]},
			"faces": {
				"north": {"uv": [0, 0, 1, 1], "texture": "#missing"},
				"east": {"uv": [0, 0, 10, 1], "texture": "#missing"},
				"south": {"uv": [0, 0, 1, 1], "texture": "#missing"},
				"west": {"uv": [3, 13, 13, 14], "texture": "#block"},
				"up": {"uv": [0, 0, 1, 10], "texture": "#missing"},
				"down": {"uv": [4, 4, 12, 5], "texture": "#block"}
			}
		},
		{
			"from": [0, 13, 3],
			"to": [1, 14, 13],
			"rotation": {"angle": 0, "axis": "y", "origin": [-5, 8, 8]},
			"faces": {
				"north": {"uv": [0, 0, 1, 1], "texture": "#missing"},
				"east": {"uv": [0, 0, 10, 1], "texture": "#missing"},
				"south": {"uv": [0, 0, 1, 1], "texture": "#missing"},
				"west": {"uv": [3, 13, 13, 14], "texture": "#block"},
				"up": {"uv": [0, 0, 1, 10], "texture": "#missing"},
				"down": {"uv": [0, 0, 1, 10], "texture": "#missing"}
			}
		},
		{
			"from": [0, 3, 2],
			"to": [1, 13, 3],
			"rotation": {"angle": 0, "axis": "y", "origin": [-5, 8, 8]},
			"faces": {
				"north": {"uv": [0, 0, 1, 10], "texture": "#missing"},
				"east": {"uv": [0, 0, 1, 10], "texture": "#missing"},
				"south": {"uv": [3, 7, 4, 11], "texture": "#block"},
				"west": {"uv": [2, 3, 3, 13], "texture": "#block"},
				"up": {"uv": [0, 0, 1, 1], "texture": "#missing"},
				"down": {"uv": [0, 0, 1, 1], "texture": "#missing"}
			}
		},
		{
			"from": [0, 3, 13],
			"to": [1, 13, 14],
			"rotation": {"angle": 0, "axis": "y", "origin": [-5, 8, 8]},
			"faces": {
				"north": {"uv": [3, 7, 4, 11], "texture": "#block"},
				"east": {"uv": [0, 0, 1, 10], "texture": "#missing"},
				"south": {"uv": [0, 0, 1, 10], "texture": "#missing"},
				"west": {"uv": [2, 3, 3, 13], "texture": "#block"},
				"up": {"uv": [0, 0, 1, 1], "texture": "#missing"},
				"down": {"uv": [0, 0, 1, 1], "texture": "#missing"}
			}
		},
		{
			"from": [-0.5, 15, 2],
			"to": [1, 16, 5],
			"rotation": {"angle": 0, "axis": "y", "origin": [-5, 8, 8]},
			"faces": {
				"north": {"uv": [12, 0, 14, 1], "rotation": 180, "texture": "#block"},
				"east": {"uv": [0, 0, 3, 1], "rotation": 180, "texture": "#missing"},
				"south": {"uv": [12, 0, 14, 1], "rotation": 180, "texture": "#block"},
				"west": {"uv": [11, 0, 14, 1], "rotation": 180, "texture": "#block"},
				"up": {"uv": [11, 0, 13, 1], "texture": "#block"},
				"down": {"uv": [11, 0, 14, 1], "texture": "#block"}
			}
		},
		{
			"from": [0, 3, 3],
			"to": [1, 5, 4],
			"rotation": {"angle": 0, "axis": "y", "origin": [-5, 8, 8]},
			"faces": {
				"north": {"uv": [0, 0, 1, 2], "texture": "#missing"},
				"east": {"uv": [0, 0, 1, 2], "texture": "#missing"},
				"south": {"uv": [7, 6, 8, 7], "texture": "#block"},
				"west": {"uv": [3, 11, 4, 13], "texture": "#block"},
				"up": {"uv": [7, 6, 8, 7], "texture": "#block"},
				"down": {"uv": [0, 0, 1, 1], "texture": "#missing"}
			}
		},
		{
			"from": [0, 4, 4],
			"to": [1, 6, 5],
			"rotation": {"angle": 0, "axis": "y", "origin": [-5, 8, 8]},
			"faces": {
				"north": {"uv": [7, 6, 8, 7], "texture": "#block"},
				"east": {"uv": [0, 0, 1, 2], "texture": "#missing"},
				"south": {"uv": [7, 6, 8, 7], "texture": "#block"},
				"west": {"uv": [3, 11, 4, 13], "texture": "#block"},
				"up": {"uv": [7, 6, 8, 7], "texture": "#block"},
				"down": {"uv": [7, 6, 8, 7], "texture": "#block"}
			}
		},
		{
			"from": [0, 9, 4],
			"to": [1, 11, 5],
			"rotation": {"angle": 0, "axis": "y", "origin": [-5, 8, 8]},
			"faces": {
				"north": {"uv": [7, 6, 8, 7], "texture": "#block"},
				"east": {"uv": [0, 0, 1, 2], "texture": "#missing"},
				"south": {"uv": [7, 6, 8, 7], "texture": "#block"},
				"west": {"uv": [3, 11, 4, 13], "texture": "#block"},
				"up": {"uv": [7, 6, 8, 7], "texture": "#block"},
				"down": {"uv": [7, 6, 8, 7], "texture": "#block"}
			}
		},
		{
			"from": [0, 5, 5],
			"to": [1, 7, 6],
			"rotation": {"angle": 0, "axis": "y", "origin": [-5, 8, 8]},
			"faces": {
				"north": {"uv": [7, 6, 8, 7], "texture": "#block"},
				"east": {"uv": [0, 0, 1, 2], "texture": "#missing"},
				"south": {"uv": [7, 6, 8, 7], "texture": "#block"},
				"west": {"uv": [3, 11, 4, 13], "texture": "#block"},
				"up": {"uv": [7, 6, 8, 7], "texture": "#block"},
				"down": {"uv": [7, 6, 8, 7], "texture": "#block"}
			}
		},
		{
			"from": [0, 8, 5],
			"to": [1, 10, 6],
			"rotation": {"angle": 0, "axis": "y", "origin": [-5, 8, 8]},
			"faces": {
				"north": {"uv": [7, 6, 8, 7], "texture": "#block"},
				"east": {"uv": [0, 0, 1, 2], "texture": "#missing"},
				"south": {"uv": [7, 6, 8, 7], "texture": "#block"},
				"west": {"uv": [3, 11, 4, 13], "texture": "#block"},
				"up": {"uv": [7, 6, 8, 7], "texture": "#block"},
				"down": {"uv": [7, 6, 8, 7], "texture": "#block"}
			}
		},
		{
			"from": [0, 10, 3],
			"to": [1, 12, 4],
			"rotation": {"angle": 0, "axis": "y", "origin": [-5, 8, 8]},
			"faces": {
				"north": {"uv": [0, 0, 1, 2], "texture": "#missing"},
				"east": {"uv": [0, 0, 1, 2], "texture": "#missing"},
				"south": {"uv": [7, 6, 8, 7], "texture": "#block"},
				"west": {"uv": [3, 11, 4, 13], "texture": "#block"},
				"up": {"uv": [0, 0, 1, 1], "texture": "#missing"},
				"down": {"uv": [7, 6, 8, 7], "texture": "#block"}
			}
		},
		{
			"from": [0, 10, 12],
			"to": [1, 12, 13],
			"rotation": {"angle": 0, "axis": "y", "origin": [-5, 8, 8]},
			"faces": {
				"north": {"uv": [7, 6, 8, 7], "texture": "#block"},
				"east": {"uv": [0, 0, 1, 2], "texture": "#missing"},
				"south": {"uv": [0, 0, 1, 2], "texture": "#missing"},
				"west": {"uv": [3, 11, 4, 13], "texture": "#block"},
				"up": {"uv": [0, 0, 1, 1], "texture": "#missing"},
				"down": {"uv": [7, 6, 8, 7], "rotation": 180, "texture": "#block"}
			}
		},
		{
			"from": [0, 3, 12],
			"to": [1, 5, 13],
			"rotation": {"angle": 0, "axis": "y", "origin": [-5, 8, 8]},
			"faces": {
				"north": {"uv": [7, 6, 8, 7], "texture": "#block"},
				"east": {"uv": [0, 0, 1, 2], "texture": "#missing"},
				"south": {"uv": [0, 0, 1, 2], "texture": "#missing"},
				"west": {"uv": [3, 11, 4, 13], "texture": "#block"},
				"up": {"uv": [7, 6, 8, 7], "texture": "#block"},
				"down": {"uv": [0, 0, 1, 1], "texture": "#missing"}
			}
		},
		{
			"from": [0, 4, 11],
			"to": [1, 6, 12],
			"rotation": {"angle": 0, "axis": "y", "origin": [-5, 8, 8]},
			"faces": {
				"north": {"uv": [7, 6, 8, 7], "texture": "#block"},
				"east": {"uv": [0, 0, 1, 2], "texture": "#missing"},
				"south": {"uv": [7, 6, 8, 7], "texture": "#block"},
				"west": {"uv": [3, 11, 4, 13], "texture": "#block"},
				"up": {"uv": [7, 6, 8, 7], "texture": "#block"},
				"down": {"uv": [7, 6, 8, 7], "texture": "#block"}
			}
		},
		{
			"from": [0, 5, 10],
			"to": [1, 7, 11],
			"rotation": {"angle": 0, "axis": "y", "origin": [-5, 8, 8]},
			"faces": {
				"north": {"uv": [7, 6, 8, 7], "texture": "#block"},
				"east": {"uv": [0, 0, 1, 2], "texture": "#missing"},
				"south": {"uv": [7, 6, 8, 7], "texture": "#block"},
				"west": {"uv": [3, 11, 4, 13], "texture": "#block"},
				"up": {"uv": [7, 6, 8, 7], "texture": "#block"},
				"down": {"uv": [7, 6, 8, 7], "texture": "#block"}
			}
		},
		{
			"from": [0, 8, 10],
			"to": [1, 10, 11],
			"rotation": {"angle": 0, "axis": "y", "origin": [-5, 8, 8]},
			"faces": {
				"north": {"uv": [7, 6, 8, 7], "texture": "#block"},
				"east": {"uv": [0, 0, 1, 2], "texture": "#missing"},
				"south": {"uv": [7, 6, 8, 7], "texture": "#block"},
				"west": {"uv": [3, 11, 4, 13], "texture": "#block"},
				"up": {"uv": [7, 6, 8, 7], "texture": "#block"},
				"down": {"uv": [7, 6, 8, 7], "rotation": 180, "texture": "#block"}
			}
		},
		{
			"from": [0, 9, 11],
			"to": [1, 11, 12],
			"rotation": {"angle": 0, "axis": "y", "origin": [-5, 8, 8]},
			"faces": {
				"north": {"uv": [7, 6, 8, 7], "texture": "#block"},
				"east": {"uv": [0, 0, 1, 2], "texture": "#missing"},
				"south": {"uv": [7, 6, 8, 7], "texture": "#block"},
				"west": {"uv": [3, 11, 4, 13], "texture": "#block"},
				"up": {"uv": [7, 6, 8, 7], "texture": "#block"},
				"down": {"uv": [7, 6, 8, 7], "rotation": 180, "texture": "#block"}
			}
		},
		{
			"from": [0, 6, 6],
			"to": [1, 9, 7],
			"rotation": {"angle": 0, "axis": "y", "origin": [-5, 8, 8]},
			"faces": {
				"north": {"uv": [7, 6, 8, 7], "texture": "#block"},
				"east": {"uv": [0, 0, 1, 3], "texture": "#missing"},
				"south": {"uv": [7, 6, 8, 7], "texture": "#block"},
				"west": {"uv": [6, 7, 7, 10], "texture": "#block"},
				"up": {"uv": [7, 6, 8, 7], "texture": "#block"},
				"down": {"uv": [7, 6, 8, 7], "texture": "#block"}
			}
		},
		{
			"from": [0, 6, 9],
			"to": [1, 9, 10],
			"rotation": {"angle": 0, "axis": "y", "origin": [-5, 8, 8]},
			"faces": {
				"north": {"uv": [7, 6, 8, 7], "texture": "#block"},
				"east": {"uv": [0, 0, 1, 3], "texture": "#missing"},
				"south": {"uv": [7, 6, 8, 7], "texture": "#block"},
				"west": {"uv": [6, 7, 7, 10], "texture": "#block"},
				"up": {"uv": [7, 6, 8, 7], "texture": "#block"},
				"down": {"uv": [7, 6, 8, 7], "texture": "#block"}
			}
		},
		{
			"from": [0, 2, 14],
			"to": [1, 14, 15],
			"rotation": {"angle": 0, "axis": "y", "origin": [-5, 8, 8]},
			"faces": {
				"north": {"uv": [0, 0, 1, 12], "texture": "#missing"},
				"east": {"uv": [0, 0, 1, 12], "texture": "#missing"},
				"south": {"uv": [0, 0, 1, 12], "texture": "#missing"},
				"west": {"uv": [1, 2, 2, 14], "texture": "#block"},
				"up": {"uv": [0, 0, 1, 1], "texture": "#missing"},
				"down": {"uv": [0, 0, 1, 1], "texture": "#missing"}
			}
		},
		{
			"from": [0, 2, 1],
			"to": [1, 14, 2],
			"rotation": {"angle": 0, "axis": "y", "origin": [-5, 8, 8]},
			"faces": {
				"north": {"uv": [0, 0, 1, 12], "texture": "#missing"},
				"east": {"uv": [0, 0, 1, 12], "texture": "#missing"},
				"south": {"uv": [0, 0, 1, 12], "texture": "#missing"},
				"west": {"uv": [1, 2, 2, 14], "texture": "#block"},
				"up": {"uv": [0, 0, 1, 1], "texture": "#missing"},
				"down": {"uv": [0, 0, 1, 1], "texture": "#missing"}
			}
		},
		{
			"from": [0, 14, 1],
			"to": [1, 15, 15],
			"rotation": {"angle": 0, "axis": "y", "origin": [-5, 8, 8]},
			"faces": {
				"north": {"uv": [0, 0, 1, 1], "texture": "#missing"},
				"east": {"uv": [0, 0, 14, 1], "texture": "#missing"},
				"south": {"uv": [0, 0, 1, 1], "texture": "#missing"},
				"west": {"uv": [1, 14, 15, 15], "texture": "#block"},
				"up": {"uv": [0, 0, 1, 14], "texture": "#missing"},
				"down": {"uv": [0, 0, 1, 14], "texture": "#missing"}
			}
		},
		{
			"from": [0, 1, 1],
			"to": [1, 2, 15],
			"rotation": {"angle": 0, "axis": "y", "origin": [-5, 8, 8]},
			"faces": {
				"north": {"uv": [0, 0, 1, 1], "texture": "#missing"},
				"east": {"uv": [0, 0, 14, 1], "texture": "#missing"},
				"south": {"uv": [0, 0, 1, 1], "texture": "#missing"},
				"west": {"uv": [1, 14, 15, 15], "texture": "#block"},
				"up": {"uv": [0, 0, 1, 14], "texture": "#missing"},
				"down": {"uv": [0, 0, 1, 14], "texture": "#missing"}
			}
		},
		{
			"from": [2, 15, 15],
			"to": [3.25, 16, 16.25],
			"rotation": {"angle": 0, "axis": "y", "origin": [-5, 8, 8]},
			"faces": {
				"north": {"uv": [0, 9, 0.25, 10], "texture": "#block"},
				"east": {"uv": [0, 9, 0.25, 10], "texture": "#block"},
				"south": {"uv": [0, 9, 0.25, 10], "texture": "#block"},
				"west": {"uv": [0, 0, 1.25, 1], "texture": "#missing"},
				"up": {"uv": [0, 9, 0.25, 10], "rotation": 180, "texture": "#block"},
				"down": {"uv": [0, 9, 0.25, 10], "rotation": 180, "texture": "#block"}
			}
		},
		{
			"from": [-0.25, 15, 15],
			"to": [2, 16, 16.25],
			"rotation": {"angle": 0, "axis": "y", "origin": [-5, 8, 8]},
			"faces": {
				"north": {"uv": [0, 9, 0.25, 10], "texture": "#block"},
				"east": {"uv": [0, 9, 0.25, 10], "texture": "#block"},
				"south": {"uv": [0, 9, 0.25, 10], "texture": "#block"},
				"west": {"uv": [0, 9, 0.25, 10], "texture": "#block"},
				"up": {"uv": [0, 9, 0.25, 10], "rotation": 180, "texture": "#block"},
				"down": {"uv": [0, 9, 0.25, 10], "rotation": 180, "texture": "#block"}
			}
		},
		{
			"from": [2, 5, 15],
			"to": [3.25, 6, 16.25],
			"rotation": {"angle": 0, "axis": "y", "origin": [-5, 8, 8]},
			"faces": {
				"north": {"uv": [0, 9, 0.25, 10], "texture": "#block"},
				"east": {"uv": [0, 9, 0.25, 10], "texture": "#block"},
				"south": {"uv": [0, 9, 0.25, 10], "texture": "#block"},
				"west": {"uv": [0, 0, 1.25, 1], "texture": "#missing"},
				"up": {"uv": [0, 0, 1.25, 1.25], "rotation": 180, "texture": "#missing"},
				"down": {"uv": [0, 9, 0.25, 10], "rotation": 180, "texture": "#block"}
			}
		},
		{
			"from": [-0.25, 5, 15],
			"to": [2, 6, 16.25],
			"rotation": {"angle": 0, "axis": "y", "origin": [-5, 8, 8]},
			"faces": {
				"north": {"uv": [0, 9, 0.25, 10], "texture": "#block"},
				"east": {"uv": [0, 9, 0.25, 10], "texture": "#block"},
				"south": {"uv": [0, 9, 0.25, 10], "texture": "#block"},
				"west": {"uv": [0, 9, 0.25, 10], "texture": "#block"},
				"up": {"uv": [0, 0, 1.25, 1.25], "rotation": 180, "texture": "#missing"},
				"down": {"uv": [0, 9, 0.25, 10], "rotation": 180, "texture": "#block"}
			}
		},
		{
			"from": [2, 6, 15],
			"to": [3.25, 7, 16.25],
			"rotation": {"angle": 0, "axis": "y", "origin": [-5, 8, 8]},
			"faces": {
				"north": {"uv": [0, 9, 0.25, 10], "texture": "#block"},
				"east": {"uv": [0, 9, 0.25, 10], "texture": "#block"},
				"south": {"uv": [0, 9, 0.25, 10], "texture": "#block"},
				"west": {"uv": [0, 0, 1.25, 1], "texture": "#missing"},
				"up": {"uv": [0, 9, 0.25, 10], "rotation": 180, "texture": "#block"},
				"down": {"uv": [0, 0, 1.25, 1.25], "rotation": 180, "texture": "#missing"}
			}
		},
		{
			"from": [-0.25, 6, 15],
			"to": [2, 7, 16.25],
			"rotation": {"angle": 0, "axis": "y", "origin": [-5, 8, 8]},
			"faces": {
				"north": {"uv": [0, 9, 0.25, 10], "texture": "#block"},
				"east": {"uv": [0, 9, 0.25, 10], "texture": "#block"},
				"south": {"uv": [0, 9, 0.25, 10], "texture": "#block"},
				"west": {"uv": [0, 9, 0.25, 10], "texture": "#block"},
				"up": {"uv": [0, 9, 0.25, 10], "rotation": 180, "texture": "#block"},
				"down": {"uv": [0, 0, 1.25, 1.25], "rotation": 180, "texture": "#missing"}
			}
		}
	],
	"groups": [0, 1, 2, 3, 4, 5, 6, 7, 8,
		{
			"name": "group",
			"origin": [8, 8, 8],
			"children": [9, 10, 11, 12, 13, 14, 15, 16, 17, 18, 19, 20, 21, 22, 23, 24, 25, 26, 27, 28, 29, 30, 31, 32, 33, 34, 35, 36, 37, 38, 39]
		},
		{
			"name": "group",
			"origin": [8, 8, 8],
			"children": [40, 41, 42, 43, 44, 45, 46, 47, 48, 49, 50, 51, 52, 53, 54, 55, 56, 57, 58, 59, 60, 61, 62, 63, 64, 65, 66, 67, 68, 69, 70]
		}, 71, 72, 73, 74, 75, 76]
}