{
"__comment":"Made by Know2Good, part of the 'Default 3D™' resource pack || Official download page: http://www.planetminecraft.com/texture_pack/default-3d-2985741/ || © Know2Good. All rights reserved. ",
"__comment":"No UV-bleed, OK coordinate, OK texture, OK cullface",

"textures": {
	"block": 	"block/rail",
	"particle":	"block/rail"
},
"elements":[
	{
		"__comment": "Left rail outer",
		"from":[1.98,1,0],
		"to":[3,1.75,16],
		"faces": {
			"down":{"uv":	[2.01,0.01,2.99,15.99],"texture":"#block","cullface":"Know2Good","rotation":180},
			"up":{"uv":		[2.01,0.01,2.99,15.99],"texture":"#block","cullface":"Know2Good"},
			"north":{"uv":	[2.01,0.01,2.99,0.99],"texture":"#block","cullface":"Know2Good"},
			"south":{"uv":	[2.01,0.01,2.99,0.99],"texture":"#block","cullface":"Know2Good"},
			"west":{"uv":	[2.01,0.01,2.99,15.99],"texture":"#block","cullface":"Know2Good","rotation":270}
		}
	},
	{
		"__comment": "Left rail inner",
		"from":[3,1,0],
		"to":[4,2.5,16],
		"faces": {
			"down":{"uv":	[3.01,0.01,3.99,15.99],"texture":"#block","cullface":"Know2Good","rotation":180},
			"up":{"uv":		[3.01,0.01,3.99,15.99],"texture":"#block","cullface":"Know2Good"},
			"north":{"uv":	[3.01,0.01,3.99,0.99],"texture":"#block","cullface":"Know2Good"},
			"south":{"uv":	[3.01,0.01,3.99,0.99],"texture":"#block","cullface":"Know2Good"},
			"west":{"uv":	[3.01,0.01,3.99,15.99],"texture":"#block","cullface":"Know2Good","rotation":270},
			"east":{"uv":	[3.01,0.01,3.99,15.99],"texture":"#block","cullface":"Know2Good","rotation":90}
		}
	},
	{
		"__comment": "Right rail outer",
		"from":[13,1,0],
		"to":[14.02,1.75,16],
		"faces": {
			"down":{"uv":	[13.01,0.01,13.99,15.99],"texture":"#block","cullface":"Know2Good","rotation":180},
			"up":{"uv":		[13.01,0.01,13.99,15.99],"texture":"#block","cullface":"Know2Good"},
			"north":{"uv":	[13.01,0.01,13.99,0.99],"texture":"#block","cullface":"Know2Good"},
			"south":{"uv":	[13.01,0.01,13.99,0.99],"texture":"#block","cullface":"Know2Good"},
			"east":{"uv":	[13.01,0.01,13.99,15.99],"texture":"#block","cullface":"Know2Good","rotation":90}
		}
	},
	{
		"__comment": "Right rail inner",
		"from":[12,1,0],
		"to":[13,2.5,16],
		"faces": {
			"down":{"uv":	[12.01,0.01,12.99,15.99],"texture":"#block","cullface":"Know2Good","rotation":180},
			"up":{"uv":		[12.01,0.01,12.99,15.99],"texture":"#block","cullface":"Know2Good"},
			"north":{"uv":	[12.01,0.01,12.99,0.99],"texture":"#block","cullface":"Know2Good"},
			"south":{"uv":	[12.01,0.01,12.99,0.99],"texture":"#block","cullface":"Know2Good"},
			"west":{"uv":	[12.01,0.01,12.99,15.99],"texture":"#block","cullface":"Know2Good","rotation":270},
			"east":{"uv":	[12.01,0.01,12.99,15.99],"texture":"#block","cullface":"Know2Good","rotation":90}
		}
	},
	{
		"__comment": "First tie",
		"from":[1,0,1.02],
		"to":[15,1.02,2.98],
		"faces": {
			"down":{"uv":	[14.99,1.01,1.01,2.99],"texture":"#block","cullface":"down","rotation":180},
			"up":{"uv":		[1.01,1.01,14.99,2.99],"texture":"#block","cullface":"Know2Good"},
			"north":{"uv":	[1.01,1.01,14.99,1.99],"texture":"#block","cullface":"Know2Good","rotation":180},
			"south":{"uv":	[1.01,2.01,14.99,2.99],"texture":"#block","cullface":"Know2Good"},
			"west":{"uv":	[1.01,1.01,1.99,2.99],"texture":"#block","cullface":"Know2Good","rotation":270},
			"east":{"uv":	[14.01,1.01,14.99,2.99],"texture":"#block","cullface":"Know2Good","rotation":90}
		}
	},
	{
		"__comment": "Second tie",
		"from":[1,0,5.02],
		"to":[15,1.02,6.98],
		"faces": {
			"down":{"uv":	[14.99,5.01,1.01,6.99],"texture":"#block","cullface":"down","rotation":180},
			"up":{"uv":		[1.01,5.01,14.99,6.99],"texture":"#block","cullface":"Know2Good"},
			"north":{"uv":	[1.01,5.01,14.99,5.99],"texture":"#block","cullface":"Know2Good","rotation":180},
			"south":{"uv":	[1.01,6.01,14.99,6.99],"texture":"#block","cullface":"Know2Good"},
			"west":{"uv":	[1.01,5.01,1.99,6.99],"texture":"#block","cullface":"Know2Good","rotation":270},
			"east":{"uv":	[14.01,5.01,14.99,6.99],"texture":"#block","cullface":"Know2Good","rotation":90}
		}
	},
	{
		"__comment": "Third tie",
		"from":[1,0,9.02],
		"to":[15,1.02,10.98],
		"faces": {
			"down":{"uv":	[14.99,9.01,1.01,10.99],"texture":"#block","cullface":"down","rotation":180},
			"up":{"uv":		[1.01,9.01,14.99,10.99],"texture":"#block","cullface":"Know2Good"},
			"north":{"uv":	[1.01,9.01,14.99,9.99],"texture":"#block","cullface":"Know2Good","rotation":180},
			"south":{"uv":	[1.01,10.01,14.99,10.99],"texture":"#block","cullface":"Know2Good"},
			"west":{"uv":	[1.01,9.01,1.99,10.99],"texture":"#block","cullface":"Know2Good","rotation":270},
			"east":{"uv":	[14.01,9.01,14.99,10.99],"texture":"#block","cullface":"Know2Good","rotation":90}
		}
	},
	{
		"__comment": "Fourth tie",
		"from":[1,0,13.02],
		"to":[15,1.02,14.98],
		"faces": {
			"down":{"uv":	[14.99,13.01,1.01,14.99],"texture":"#block","cullface":"down","rotation":180},
			"up":{"uv":		[1.01,13.01,14.99,14.99],"texture":"#block","cullface":"Know2Good"},
			"north":{"uv":	[1.01,13.01,14.99,13.99],"texture":"#block","cullface":"Know2Good","rotation":180},
			"south":{"uv":	[1.01,14.01,14.99,14.99],"texture":"#block","cullface":"Know2Good"},
			"west":{"uv":	[1.01,13.01,1.99,14.99],"texture":"#block","cullface":"Know2Good","rotation":270},
			"east":{"uv":	[14.01,13.01,14.99,14.99],"texture":"#block","cullface":"Know2Good","rotation":90}
		}
	}
],
    "display": {
        "gui": {
            "rotation": 	[ 30, 225, 0 ],
            "translation": 	[ 0, 3, 0],
            "scale":		[ 0.725, 0.725, 0.725 ]
        },
        "ground": {
            "rotation": 	[ 0, 0, 0 ],
            "translation": 	[ 0, 3, 0],
            "scale":		[ 0.25, 0.25, 0.25 ]
        },
        "fixed": {
            "rotation": 	[ -110, 0, 0 ],
            "translation": 	[ 0, -2.75, -8],
            "scale":		[ 1, 1, 1 ]
        },
        "thirdperson_righthand": {
            "rotation": 	[ 75, 45, 0 ],
            "translation": 	[ 0, 2.5, 3],
            "scale": 		[ 0.375, 0.375, 0.375 ]
        },
        "thirdperson_lefthand": {
            "rotation": 	[ 75, 45, 0 ],
            "translation": 	[ 0, 2.5, 3],
            "scale": 		[ 0.375, 0.375, 0.375 ]
        },
        "firstperson_righthand": {
            "rotation": 	[ 0, 45, 0 ],
            "translation":	[ 0, 3.5, 0 ],
            "scale": 		[ 0.40, 0.40, 0.40 ]
        },
        "firstperson_lefthand": {
            "rotation": 	[ 0, 225, 0 ],
            "translation": 	[ 0, 3.5, 0 ],
            "scale": 		[ 0.40, 0.40, 0.40 ]
        }
    }
}