{
	"textures": {
		"texture": "block/dark_oak_trapdoor",
		"particle": "block/dark_oak_trapdoor"
	},
	"elements": [
		{
			"from": [2, 0, 6],
			"to": [14, 3, 10],
			"rotation": {"angle": 0, "axis": "x", "origin": [8, -5, 8]},
			"faces": {
				"north": {"uv": [0, 0, 1, 1], "rotation": 180, "texture": "#texture"},
				"east": {"uv": [1, 7, 2, 8], "texture": "#texture"},
				"south": {"uv": [0, 0, 1, 1], "rotation": 180, "texture": "#texture"},
				"west": {"uv": [0, 0, 1, 1], "rotation": 180, "texture": "#texture"},
				"up": {"uv": [2, 6, 14, 10], "texture": "#texture"},
				"down": {"uv": [2, 6, 14, 10], "rotation": 180, "texture": "#texture"}
			}
		},
		{
			"from": [6, 0, 2],
			"to": [10, 3, 14],
			"rotation": {"angle": 0, "axis": "x", "origin": [8, -5, 8]},
			"faces": {
				"north": {"uv": [0, 0, 1, 1], "rotation": 180, "texture": "#texture"},
				"east": {"uv": [1, 7, 2, 8], "texture": "#texture"},
				"south": {"uv": [0, 0, 1, 1], "rotation": 180, "texture": "#texture"},
				"west": {"uv": [0, 0, 1, 1], "rotation": 180, "texture": "#texture"},
				"up": {"uv": [6, 2, 10, 14], "texture": "#texture"},
				"down": {"uv": [6, 2, 10, 14], "rotation": 180, "texture": "#texture"}
			}
		},
		{
			"from": [0, 0, 0],
			"to": [2, 3, 16],
			"rotation": {"angle": 0, "axis": "x", "origin": [8, -5, 8]},
			"faces": {
				"north": {"uv": [0, 0, 1, 1], "rotation": 180, "texture": "#texture"},
				"east": {"uv": [1, 7, 2, 8], "texture": "#texture"},
				"south": {"uv": [0, 0, 1, 1], "rotation": 180, "texture": "#texture"},
				"west": {"uv": [0, 0, 1, 1], "rotation": 180, "texture": "#texture"},
				"up": {"uv": [0, 0, 2, 16], "texture": "#texture"},
				"down": {"uv": [14, 0, 16, 16], "rotation": 180, "texture": "#texture"}
			}
		},
		{
			"from": [14, 0, 0],
			"to": [16, 3, 16],
			"rotation": {"angle": 0, "axis": "x", "origin": [8, -5, 8]},
			"faces": {
				"north": {"uv": [0, 0, 1, 1], "rotation": 180, "texture": "#texture"},
				"east": {"uv": [0, 0, 1, 1], "rotation": 180, "texture": "#texture"},
				"south": {"uv": [0, 0, 1, 1], "rotation": 180, "texture": "#texture"},
				"west": {"uv": [1, 7, 2, 8], "rotation": 180, "texture": "#texture"},
				"up": {"uv": [14, 0, 16, 16], "texture": "#texture"},
				"down": {"uv": [0, 0, 2, 16], "rotation": 180, "texture": "#texture"}
			}
		},
		{
			"from": [2, 0, 0],
			"to": [14, 3, 2],
			"rotation": {"angle": 0, "axis": "x", "origin": [8, -5, 8]},
			"faces": {
				"north": {"uv": [0, 0, 1, 1], "rotation": 180, "texture": "#texture"},
				"south": {"uv": [0, 0, 1, 1], "rotation": 180, "texture": "#texture"},
				"up": {"uv": [2, 0, 14, 2], "texture": "#texture"},
				"down": {"uv": [2, 0, 14, 2], "rotation": 180, "texture": "#texture"}
			}
		},
		{
			"from": [2, 0, 14],
			"to": [14, 3, 16],
			"rotation": {"angle": 0, "axis": "x", "origin": [8, -5, 8]},
			"faces": {
				"north": {"uv": [0, 0, 1, 1], "rotation": 180, "texture": "#texture"},
				"south": {"uv": [0, 0, 1, 1], "rotation": 180, "texture": "#texture"},
				"up": {"uv": [2, 14, 14, 16], "texture": "#texture"},
				"down": {"uv": [2, 14, 14, 16], "rotation": 180, "texture": "#texture"}
			}
		},
		{
			"from": [2, 1, 2],
			"to": [14, 2, 14],
			"rotation": {"angle": 0, "axis": "x", "origin": [8, -5, 8]},
			"faces": {
				"up": {"uv": [2, 2, 14, 14], "texture": "#texture"},
				"down": {"uv": [2, 2, 14, 14], "rotation": 180, "texture": "#texture"}
			}
		}
	],
	"display": {
		"thirdperson_righthand": {
			"rotation": [68, -45, 0],
			"translation": [0, 3.25, 1.75],
			"scale": [0.4, 0.4, 0.4]
		},
		"thirdperson_lefthand": {
			"rotation": [68, -45, 0],
			"translation": [0, 3.25, 1.75],
			"scale": [0.4, 0.4, 0.4]
		},
		"firstperson_righthand": {
			"rotation": [6, 36, 0],
			"translation": [1, 2.5, -1.5],
			"scale": [0.6, 0.6, 0.6]
		},
		"firstperson_lefthand": {
			"rotation": [6, 36, 0],
			"translation": [1, 2.5, -1.5],
			"scale": [0.6, 0.6, 0.6]
		},
		"ground": {
			"translation": [0, 2.5, 0],
			"scale": [0.25, 0.25, 0.25]
		},
		"gui": {
			"rotation": [28, 45, 0],
			"scale": [0.6, 0.6, 0.6]
		},
		"head": {
			"rotation": [90, 0, 0]
		},
		"fixed": {
			"scale": [0.5, 0.5, 0.5]
		}
	}
}