{
	"credit": "Made with Blockbench",
	"textures": {
		"block": "block/iron_door_top",
		"particle": "block/iron_door_top"
	},
	"elements": [
		{
			"from": [0, 13, 0],
			"to": [16, 16, 3],
			"rotation": {"angle": 0, "axis": "x", "origin": [8, 14, 8]},
			"faces": {
				"north": {"uv": [3, 0, 11, 1], "texture": "#block"},
				"east": {"uv": [3, 0, 11, 1], "texture": "#block"},
				"south": {"uv": [7, 5, 10, 8], "texture": "#block"},
				"west": {"uv": [3, 0, 11, 1], "texture": "#block"},
				"up": {"uv": [0, 0, 16, 3], "texture": "#block"},
				"down": {"uv": [0, 0, 16, 3], "rotation": 180, "texture": "#block"}
			}
		},
		{
			"from": [0, 13, 13],
			"to": [16, 16, 16],
			"rotation": {"angle": 0, "axis": "x", "origin": [8, 14, 8]},
			"faces": {
				"north": {"uv": [7, 5, 10, 8], "texture": "#block"},
				"east": {"uv": [3, 0, 11, 1], "texture": "#block"},
				"south": {"uv": [3, 0, 11, 1], "texture": "#block"},
				"west": {"uv": [3, 0, 11, 1], "texture": "#block"},
				"up": {"uv": [0, 0, 16, 3], "rotation": 180, "texture": "#block"},
				"down": {"uv": [0, 0, 16, 3], "texture": "#block"}
			}
		},
		{
			"from": [0, 13, 3],
			"to": [3, 16, 13],
			"rotation": {"angle": 0, "axis": "x", "origin": [8, 14, 8]},
			"faces": {
				"north": {"uv": [0, 0, 3, 3], "texture": "#missing"},
				"east": {"uv": [7, 5, 10, 8], "texture": "#block"},
				"south": {"uv": [0, 0, 3, 3], "texture": "#missing"},
				"west": {"uv": [3, 0, 11, 1], "texture": "#block"},
				"up": {"uv": [0, 7, 3, 13], "texture": "#block"},
				"down": {"uv": [0, 7, 3, 13], "texture": "#block"}
			}
		},
		{
			"from": [13, 13, 3],
			"to": [16, 16, 13],
			"rotation": {"angle": 0, "axis": "x", "origin": [8, 14, 8]},
			"faces": {
				"north": {"uv": [0, 0, 3, 3], "texture": "#missing"},
				"east": {"uv": [3, 0, 11, 1], "texture": "#block"},
				"south": {"uv": [0, 0, 3, 3], "texture": "#missing"},
				"west": {"uv": [7, 5, 10, 8], "texture": "#block"},
				"up": {"uv": [0, 8, 3, 13], "rotation": 180, "texture": "#block"},
				"down": {"uv": [0, 7, 3, 13], "rotation": 180, "texture": "#block"}
			}
		},
		{
			"from": [6, 13.25, 6],
			"to": [10, 15.75, 10],
			"rotation": {"angle": 0, "axis": "x", "origin": [8, 14, 8]},
			"faces": {
				"north": {"uv": [7, 5, 10, 8], "texture": "#block"},
				"east": {"uv": [7, 5, 10, 8], "texture": "#block"},
				"south": {"uv": [7, 5, 10, 8], "texture": "#block"},
				"west": {"uv": [7, 5, 10, 8], "texture": "#block"},
				"up": {"uv": [6, 5, 10, 9], "texture": "#block"},
				"down": {"uv": [7, 5, 10, 8], "texture": "#block"}
			}
		},
		{
			"from": [7, 13.5, 3],
			"to": [9, 15.5, 6],
			"rotation": {"angle": 0, "axis": "x", "origin": [8, 14, 8]},
			"faces": {
				"north": {"uv": [0, 0, 2, 3], "texture": "#missing"},
				"east": {"uv": [7, 5, 10, 8], "texture": "#block"},
				"south": {"uv": [0, 0, 2, 3], "texture": "#missing"},
				"west": {"uv": [7, 5, 10, 8], "texture": "#block"},
				"up": {"uv": [7, 8, 9, 11], "texture": "#block"},
				"down": {"uv": [7, 5, 10, 8], "texture": "#block"}
			}
		},
		{
			"from": [7, 13.5, 10],
			"to": [9, 15.5, 13],
			"rotation": {"angle": 0, "axis": "x", "origin": [8, 14, 8]},
			"faces": {
				"north": {"uv": [0, 0, 2, 3], "texture": "#missing"},
				"east": {"uv": [7, 5, 10, 8], "texture": "#block"},
				"south": {"uv": [0, 0, 2, 3], "texture": "#missing"},
				"west": {"uv": [7, 5, 10, 8], "texture": "#block"},
				"up": {"uv": [7, 8, 9, 11], "texture": "#block"},
				"down": {"uv": [7, 5, 10, 8], "texture": "#block"}
			}
		},
		{
			"from": [3, 13.5, 7],
			"to": [6, 15.5, 9],
			"rotation": {"angle": 0, "axis": "x", "origin": [8, 14, 8]},
			"faces": {
				"north": {"uv": [7, 5, 10, 8], "texture": "#block"},
				"east": {"uv": [0, 0, 2, 3], "texture": "#missing"},
				"south": {"uv": [7, 5, 10, 8], "texture": "#block"},
				"west": {"uv": [0, 0, 2, 3], "texture": "#missing"},
				"up": {"uv": [6, 6, 9, 8], "texture": "#block"},
				"down": {"uv": [7, 5, 10, 8], "texture": "#block"}
			}
		},
		{
			"from": [10, 13.5, 7],
			"to": [13, 15.5, 9],
			"rotation": {"angle": 0, "axis": "x", "origin": [8, 14, 8]},
			"faces": {
				"north": {"uv": [7, 5, 10, 8], "texture": "#block"},
				"east": {"uv": [0, 0, 2, 3], "texture": "#missing"},
				"south": {"uv": [7, 5, 10, 8], "texture": "#block"},
				"west": {"uv": [0, 0, 2, 3], "texture": "#missing"},
				"up": {"uv": [6, 6, 9, 8], "texture": "#block"},
				"down": {"uv": [7, 5, 10, 8], "texture": "#block"}
			}
		},
		{
			"from": [3, 12.75, 15],
			"to": [5, 16.25, 16.25],
			"rotation": {"angle": 0, "axis": "x", "origin": [8, 14, 8]},
			"faces": {
				"north": {"uv": [0, 4, 1, 5.25], "texture": "#block"},
				"east": {"uv": [0, 4, 1, 5.25], "texture": "#block"},
				"south": {"uv": [0, 4, 1, 5.25], "texture": "#block"},
				"west": {"uv": [0, 4, 1, 5.25], "texture": "#block"},
				"up": {"uv": [0, 4, 1, 5.25], "texture": "#block"},
				"down": {"uv": [0, 4, 1, 5.25], "texture": "#block"}
			}
		},
		{
			"from": [11, 12.75, 15],
			"to": [13, 16.25, 16.25],
			"rotation": {"angle": 0, "axis": "x", "origin": [8, 14, 8]},
			"faces": {
				"north": {"uv": [0, 4, 1, 5.25], "texture": "#block"},
				"east": {"uv": [0, 4, 1, 5.25], "texture": "#block"},
				"south": {"uv": [0, 4, 1, 5.25], "texture": "#block"},
				"west": {"uv": [0, 4, 1, 5.25], "texture": "#block"},
				"up": {"uv": [0, 4, 1, 5.25], "texture": "#block"},
				"down": {"uv": [0, 4, 1, 5.25], "texture": "#block"}
			}
		}
	]
}