{
	"textures": {
		"texture": "block/iron_bars",
		"particle": "block/iron_bars"
	},
	"elements": [
		{
			"from": [7, 0, 7],
			"to": [9, 16, 9],
			"faces": {
				"north": {"uv": [7.01, 0.01, 8.99, 15.99], "texture": "#texture"},
				"east": {"uv": [8.99, 0.01, 7.01, 15.99], "texture": "#texture"},
				"south": {"uv": [7.01, 0.01, 8.99, 15.99], "texture": "#texture"},
				"west": {"uv": [8.99, 0.01, 7.01, 15.99], "texture": "#texture"},
				"up": {"uv": [7.01, 0.01, 8.99, 1.99], "texture": "#texture"},
				"down": {"uv": [7.01, 14.01, 8.99, 15.99], "texture": "#texture"}
			}
		}
	]
}