{
	"textures": {
		"texture": "block/iron_bars",
		"particle": "block/iron_bars"
	},
	"elements": [
		{
			"from": [7, 0, 12],
			"to": [9, 16, 14],
			"faces": {
				"north": {"uv": [12.01, 0.01, 13.99, 15.99], "texture": "#texture"},
				"east": {"uv": [13.99, 0.01, 12.01, 15.99], "texture": "#texture"},
				"south": {"uv": [12.01, 0.01, 13.99, 15.99], "texture": "#texture"},
				"west": {"uv": [13.99, 0.01, 12.01, 15.99], "texture": "#texture"},
				"up": {"uv": [12.01, 0.01, 13.99, 1.99], "texture": "#texture"},
				"down": {"uv": [12.01, 14.01, 13.99, 15.99], "texture": "#texture"}
			}
		},
		{
			"from": [7.5, 2, 9],
			"to": [8.5, 4, 12],
			"faces": {
				"north": {"uv": [2, 0, 3, 2], "texture": "#texture"},
				"east": {"uv": [11.99, 12.01, 9.01, 13.99], "texture": "#texture"},
				"west": {"uv": [9.01, 12.01, 11.99, 13.99], "texture": "#texture"},
				"up": {"uv": [9.01, 12.01, 11.99, 12.99], "rotation": 90, "texture": "#texture"},
				"down": {"uv": [9.01, 13.01, 11.99, 13.99], "rotation": 270, "texture": "#texture"}
			}
		},
		{
			"from": [7.5, 7, 14],
			"to": [8.5, 9, 16],
			"faces": {
				"east": {"uv": [15.99, 7.01, 14.01, 8.99], "texture": "#texture"},
				"south": {"uv": [15.01, 7.01, 15.99, 8.99], "texture": "#texture"},
				"west": {"uv": [14.01, 7.01, 15.99, 8.99], "texture": "#texture"},
				"up": {"uv": [14.01, 7.01, 15.99, 7.99], "rotation": 90, "texture": "#texture"},
				"down": {"uv": [14.01, 8.01, 15.99, 8.99], "rotation": 270, "texture": "#texture"}
			}
		}
	]
}