{
	"ambientocclusion": false,
	"textures": {
		"texture": "block/jungle_door_bottom",
		"particle": "block/jungle_door_bottom"
	},
	"elements": [
		{
			"name": "The inner block",
			"from": [0.75, 0, 1],
			"to": [2.25, 16, 16],
			"faces": {
				"east": {"uv": [15.99, 0.01, 1.01, 15.99], "texture": "#texture"},
				"south": {"uv": [15.01, 0.01, 15.99, 15.99], "texture": "#texture"},
				"west": {"uv": [1.01, 0.01, 15.99, 15.99], "texture": "#texture"},
				"down": {"uv": [1.01, 15.01, 15.99, 15.99], "rotation": 270, "texture": "#texture"}
			}
		},
		{
			"name": "Bottom hinge",
			"from": [-0.25, 4, -0.25],
			"to": [3.25, 6, 1],
			"faces": {
				"north": {"uv": [0.01, 10.01, 0.99, 11.99], "texture": "#texture"},
				"east": {"uv": [0.01, 10.01, 0.99, 11.99], "texture": "#texture"},
				"south": {"uv": [0.01, 10.01, 0.99, 11.99], "texture": "#texture"},
				"west": {"uv": [0.01, 10.01, 0.99, 11.99], "texture": "#texture"},
				"up": {"uv": [0.01, 10.01, 0.99, 10.99], "rotation": 90, "texture": "#texture"},
				"down": {"uv": [0.01, 11.01, 0.99, 11.99], "rotation": 270, "texture": "#texture"}
			}
		},
		{
			"name": "Top hinge",
			"from": [-0.25, 15, -0.25],
			"to": [3.25, 16, 1],
			"faces": {
				"north": {"uv": [0.01, 0.01, 0.99, 0.99], "texture": "#texture"},
				"east": {"uv": [0.01, 0.01, 0.99, 0.99], "texture": "#texture"},
				"south": {"uv": [0.01, 0.01, 0.99, 0.99], "texture": "#texture"},
				"west": {"uv": [0.01, 0.01, 0.99, 0.99], "texture": "#texture"},
				"down": {"uv": [0.01, 0.01, 0.99, 0.99], "rotation": 270, "texture": "#texture"}
			}
		},
		{
			"name": "Middle hinge side",
			"from": [0.75, 0, 0],
			"to": [2.25, 16, 6.99],
			"faces": {
				"south": {"uv": [6.01, 0.01, 6.99, 15.99], "texture": "#texture"},
				"down": {"uv": [0.01, 15.01, 6.99, 15.99], "rotation": 270, "texture": "#texture"}
			}
		},
		{
			"name": "Hinge side",
			"from": [0, 0, 0],
			"to": [3.02, 16, 1],
			"faces": {
				"north": {"uv": [0.01, 0.01, 0.99, 15.99], "texture": "#texture"},
				"east": {"uv": [0.01, 0.01, 0.99, 15.99], "texture": "#texture"},
				"south": {"uv": [0.01, 0.01, 0.99, 15.99], "texture": "#texture"},
				"west": {"uv": [0.01, 0.01, 0.99, 15.99], "texture": "#texture"},
				"down": {"uv": [0.01, 15.01, 0.99, 15.99], "rotation": 270, "texture": "#texture"}
			}
		},
		{
			"name": "Plank 1 top",
			"from": [0, 9, 1],
			"to": [3.02, 16, 4],
			"faces": {
				"north": {"uv": [1.01, 0.01, 1.99, 6.99], "texture": "#texture"},
				"east": {"uv": [3.99, 0.01, 1.01, 6.99], "texture": "#texture"},
				"south": {"uv": [3.01, 0.01, 3.99, 6.99], "texture": "#texture"},
				"west": {"uv": [1.01, 0.01, 3.99, 6.99], "texture": "#texture"},
				"down": {"uv": [1.01, 6.01, 3.99, 6.99], "rotation": 270, "texture": "#texture"}
			}
		},
		{
			"name": "Plank 1 bottom",
			"from": [0, 0, 1],
			"to": [3.02, 8, 4],
			"faces": {
				"north": {"uv": [1.01, 8.01, 1.99, 15.99], "texture": "#texture"},
				"east": {"uv": [3.99, 8.01, 1.01, 15.99], "texture": "#texture"},
				"south": {"uv": [3.01, 8.01, 3.99, 15.99], "texture": "#texture"},
				"west": {"uv": [1.01, 8.01, 3.99, 15.99], "texture": "#texture"},
				"up": {"uv": [1.01, 8.01, 3.99, 8.99], "rotation": 90, "texture": "#texture"},
				"down": {"uv": [1.01, 15.01, 3.99, 15.99], "rotation": 270, "texture": "#texture"}
			}
		},
		{
			"name": "Plank 2",
			"from": [0, 0, 4.98],
			"to": [3.02, 7, 6],
			"faces": {
				"north": {"uv": [5.01, 9.01, 5.989, 15.989], "texture": "#texture"},
				"east": {"uv": [5.01, 9.01, 5.989, 15.989], "texture": "#texture"},
				"south": {"uv": [5.01, 9.01, 5.989, 15.989], "texture": "#texture"},
				"west": {"uv": [5.01, 9.01, 5.989, 15.989], "texture": "#texture"},
				"up": {"uv": [6, 14, 5, 14.978], "texture": "#texture"},
				"down": {"uv": [5.01, 15.01, 5.99, 15.99], "rotation": 270, "texture": "#texture"}
			}
		},
		{
			"name": "Plank 3",
			"from": [0, 8, 4.98],
			"to": [3.02, 16, 6],
			"faces": {
				"north": {"uv": [5, 0, 5.979, 6.979], "texture": "#texture"},
				"east": {"uv": [5, 1, 5.979, 7.979], "texture": "#texture"},
				"south": {"uv": [5, 0, 5.979, 6.979], "texture": "#texture"},
				"west": {"uv": [5, 0, 5.979, 6.979], "texture": "#texture"},
				"down": {"uv": [5.01, 14.01, 5.989, 14.989], "rotation": 270, "texture": "#texture"}
			}
		},
		{
			"name": "Plank 2 bottom",
			"from": [0, 0, 6],
			"to": [3.02, 2, 8],
			"faces": {
				"east": {"uv": [7.99, 14.01, 6.01, 15.99], "texture": "#texture"},
				"south": {"uv": [7.01, 14.01, 7.99, 15.99], "texture": "#texture"},
				"west": {"uv": [6.01, 14.01, 7.99, 15.99], "texture": "#texture"},
				"up": {"uv": [6.01, 14.01, 7.99, 14.99], "rotation": 90, "texture": "#texture"},
				"down": {"uv": [6.01, 15.01, 7.99, 15.99], "rotation": 270, "texture": "#texture"}
			}
		},
		{
			"name": "Plank 3 top",
			"from": [0, 9, 9.99],
			"to": [3.02, 16, 12.01],
			"faces": {
				"north": {"uv": [10.01, 0.01, 10.99, 6.99], "texture": "#texture"},
				"east": {"uv": [11.99, 0.01, 10.01, 6.99], "texture": "#texture"},
				"south": {"uv": [11.01, 0.01, 11.99, 6.99], "texture": "#texture"},
				"west": {"uv": [10.01, 0.01, 11.99, 6.99], "texture": "#texture"},
				"down": {"uv": [10.01, 6.01, 11.99, 6.99], "rotation": 270, "texture": "#texture"}
			}
		},
		{
			"name": "Plank 3 bottom",
			"from": [0, 0, 9.99],
			"to": [3.02, 8, 12.01],
			"faces": {
				"north": {"uv": [10.01, 8.01, 10.99, 15.99], "texture": "#texture"},
				"east": {"uv": [11.99, 8.01, 10.01, 15.99], "texture": "#texture"},
				"south": {"uv": [11.01, 8.01, 11.99, 15.99], "texture": "#texture"},
				"west": {"uv": [10.01, 8.01, 11.99, 15.99], "texture": "#texture"},
				"up": {"uv": [10.01, 8.01, 11.99, 8.99], "rotation": 90, "texture": "#texture"},
				"down": {"uv": [10.01, 15.01, 11.99, 15.99], "rotation": 270, "texture": "#texture"}
			}
		},
		{
			"name": "Plank 3 bottom",
			"from": [0, 0, 9],
			"to": [3.02, 2, 10],
			"faces": {
				"north": {"uv": [9.01, 14.01, 9.99, 15.99], "texture": "#texture"},
				"east": {"uv": [9.01, 14.01, 9.99, 15.99], "texture": "#texture"},
				"west": {"uv": [9.01, 14.01, 9.99, 15.99], "texture": "#texture"},
				"up": {"uv": [9.01, 14.01, 9.99, 14.99], "rotation": 90, "texture": "#texture"},
				"down": {"uv": [9.01, 15.01, 9.99, 15.99], "rotation": 270, "texture": "#texture"}
			}
		},
		{
			"name": "Plank 4",
			"from": [0, 0, 13],
			"to": [3.02, 4, 15.02],
			"faces": {
				"north": {"uv": [14.989, 12.01, 13.01, 15.989], "texture": "#texture"},
				"east": {"uv": [14.989, 12.01, 13.01, 15.989], "texture": "#texture"},
				"south": {"uv": [14.989, 12.01, 13.01, 15.989], "texture": "#texture"},
				"west": {"uv": [14.989, 12.01, 13.01, 15.989], "texture": "#texture"},
				"up": {"uv": [14.979, 12, 12.979, 12.978], "texture": "#texture"},
				"down": {"uv": [14.988, 14.988, 13.01, 15.988], "texture": "#texture"}
			}
		},
		{
			"name": "Plank 5",
			"from": [0, 5, 13],
			"to": [3.02, 13, 15.02],
			"faces": {
				"north": {"uv": [14.988, 12.01, 13.01, 14.988], "texture": "#texture"},
				"east": {"uv": [14.988, 12.01, 13.01, 14.988], "texture": "#texture"},
				"south": {"uv": [14.988, 12.01, 13.01, 14.988], "texture": "#texture"},
				"west": {"uv": [14.988, 12.01, 13.01, 14.988], "texture": "#texture"},
				"up": {"uv": [14.979, 12, 12.979, 12.978], "texture": "#texture"},
				"down": {"uv": [14.988, 12.01, 13.01, 14.988], "texture": "#texture"}
			}
		},
		{
			"name": "Plank 6",
			"from": [0, 14, 13],
			"to": [3.02, 16, 15.02],
			"faces": {
				"north": {"uv": [14.988, 12.01, 13.01, 14.988], "texture": "#texture"},
				"east": {"uv": [14.988, 12.01, 13.01, 14.988], "texture": "#texture"},
				"south": {"uv": [14.988, 12.01, 13.01, 14.988], "texture": "#texture"},
				"west": {"uv": [14.988, 12.01, 13.01, 14.988], "texture": "#texture"},
				"down": {"uv": [14.988, 12.01, 13.01, 14.988], "texture": "#texture"}
			}
		},
		{
			"name": "Right",
			"from": [0.75, 0, 9],
			"to": [2.25, 16, 15],
			"faces": {
				"north": {"uv": [9.01, 0.01, 9.99, 15.99], "texture": "#texture"},
				"east": {"uv": [14.99, 0.01, 9.01, 15.99], "texture": "#texture"},
				"south": {"uv": [14.01, 0.01, 14.99, 15.99], "texture": "#texture"},
				"west": {"uv": [9.01, 0.01, 14.99, 15.99], "texture": "#texture"},
				"down": {"uv": [9.01, 15.01, 14.99, 15.99], "rotation": 270, "texture": "#texture"}
			}
		},
		{
			"name": "Middle top",
			"from": [0.75, 15, 7],
			"to": [2.25, 16, 9],
			"faces": {
				"east": {"uv": [8.99, 0.01, 7.01, 0.99], "texture": "#texture"},
				"west": {"uv": [7.01, 0.01, 8.99, 0.99], "texture": "#texture"},
				"down": {"uv": [7.01, 0.01, 8.99, 0.99], "rotation": 270, "texture": "#texture"}
			}
		},
		{
			"name": "Middle bottom",
			"from": [0.75, 0, 7],
			"to": [2.25, 3, 9],
			"faces": {
				"east": {"uv": [8.99, 13.01, 7.01, 15.99], "texture": "#texture"},
				"west": {"uv": [7.01, 13.01, 8.99, 15.99], "texture": "#texture"},
				"up": {"uv": [7.01, 13.01, 8.99, 13.99], "rotation": 90, "texture": "#texture"},
				"down": {"uv": [7.01, 15.01, 8.99, 15.99], "rotation": 270, "texture": "#texture"}
			}
		}
	]
}