{
	"credit": "Made with Blockbench",
	"textures": {
		"block": "block/ladder",
		"particle": "block/ladder"
	},
	"elements": [
		{
			"name": "Bar Right",
			"from": [2, 0, 14],
			"to": [4, 16, 16],
			"faces": {
				"north": {"uv": [12, 3, 14, 5], "texture": "#block"},
				"east": {"uv": [2, 11, 4, 13], "texture": "#block"},
				"south": {"uv": [2, 11, 4, 13], "texture": "#block"},
				"west": {"uv": [2, 11, 4, 13], "texture": "#block"},
				"up": {"uv": [2, 3, 4, 5], "rotation": 180, "texture": "#block"},
				"down": {"uv": [2, 3, 4, 5], "texture": "#block"}
			}
		},
		{
			"name": "Bar Left",
			"from": [12, 0, 14],
			"to": [14, 16, 16],
			"faces": {
				"north": {"uv": [2, 3, 4, 5], "texture": "#block"},
				"east": {"uv": [2, 11, 4, 13], "texture": "#block"},
				"south": {"uv": [2, 11, 4, 13], "texture": "#block"},
				"west": {"uv": [2, 11, 4, 13], "texture": "#block"},
				"up": {"uv": [2, 3, 4, 5], "rotation": 180, "texture": "#block"},
				"down": {"uv": [2, 3, 4, 5], "texture": "#block"}
			}
		},
		{
			"name": "Step 1 Back",
			"from": [4, 1, 15],
			"to": [12, 2, 16],
			"faces": {
				"north": {"uv": [0, 0, 8, 1], "texture": "#missing"},
				"east": {"uv": [0, 0, 1, 1], "texture": "#missing"},
				"south": {"uv": [4, 2, 12, 3], "texture": "#block"},
				"west": {"uv": [0, 0, 1, 1], "texture": "#missing"},
				"up": {"uv": [4, 2, 12, 3], "texture": "#block"},
				"down": {"uv": [4, 2, 12, 3], "texture": "#block"}
			}
		},
		{
			"name": "Step 2 Back",
			"from": [4, 5, 15],
			"to": [12, 6, 16],
			"faces": {
				"north": {"uv": [0, 0, 8, 1], "texture": "#missing"},
				"east": {"uv": [0, 0, 1, 1], "texture": "#missing"},
				"south": {"uv": [3, 1, 11, 2], "texture": "#block"},
				"west": {"uv": [0, 0, 1, 1], "texture": "#missing"},
				"up": {"uv": [3, 1, 11, 2], "texture": "#block"},
				"down": {"uv": [3, 1, 11, 2], "texture": "#block"}
			}
		},
		{
			"name": "Step 3 Back",
			"from": [4, 9, 15],
			"to": [12, 10, 16],
			"faces": {
				"north": {"uv": [0, 0, 8, 1], "texture": "#missing"},
				"east": {"uv": [0, 0, 1, 1], "texture": "#missing"},
				"south": {"uv": [4, 2, 12, 3], "texture": "#block"},
				"west": {"uv": [0, 0, 1, 1], "texture": "#missing"},
				"up": {"uv": [4, 2, 12, 3], "texture": "#block"},
				"down": {"uv": [4, 2, 12, 3], "texture": "#block"}
			}
		},
		{
			"name": "Step 4 Back",
			"from": [4, 13, 15],
			"to": [12, 14, 16],
			"faces": {
				"north": {"uv": [0, 0, 8, 1], "texture": "#missing"},
				"east": {"uv": [0, 0, 1, 1], "texture": "#missing"},
				"south": {"uv": [3, 1, 11, 2], "texture": "#block"},
				"west": {"uv": [0, 0, 1, 1], "texture": "#missing"},
				"up": {"uv": [3, 1, 11, 2], "texture": "#block"},
				"down": {"uv": [3, 1, 11, 2], "texture": "#block"}
			}
		},
		{
			"name": "Step 1",
			"from": [0, 1, 13],
			"to": [16, 2, 15],
			"faces": {
				"north": {"uv": [1, 2, 15, 3], "texture": "#block"},
				"east": {"uv": [1, 1, 2, 3], "rotation": 270, "texture": "#block"},
				"south": {"uv": [1, 1, 15, 2], "texture": "#block"},
				"west": {"uv": [2, 1, 3, 3], "rotation": 90, "texture": "#block"},
				"up": {"uv": [1, 1, 15, 3], "rotation": 180, "texture": "#block"},
				"down": {"uv": [1, 1, 15, 3], "texture": "#block"}
			}
		},
		{
			"name": "Step 2",
			"from": [0, 5, 13],
			"to": [16, 6, 15],
			"faces": {
				"north": {"uv": [1, 1, 15, 2], "texture": "#block"},
				"east": {"uv": [2, 1, 3, 3], "rotation": 90, "texture": "#block"},
				"south": {"uv": [1, 2, 15, 3], "texture": "#block"},
				"west": {"uv": [1, 1, 2, 3], "rotation": 270, "texture": "#block"},
				"up": {"uv": [1, 1, 15, 3], "texture": "#block"},
				"down": {"uv": [1, 1, 15, 3], "rotation": 180, "texture": "#block"}
			}
		},
		{
			"name": "Step 3",
			"from": [0, 9, 13],
			"to": [16, 10, 15],
			"faces": {
				"north": {"uv": [1, 2, 15, 3], "texture": "#block"},
				"east": {"uv": [1, 1, 2, 3], "rotation": 270, "texture": "#block"},
				"south": {"uv": [1, 1, 15, 2], "texture": "#block"},
				"west": {"uv": [2, 1, 3, 3], "rotation": 90, "texture": "#block"},
				"up": {"uv": [1, 1, 15, 3], "rotation": 180, "texture": "#block"},
				"down": {"uv": [1, 1, 15, 3], "texture": "#block"}
			}
		},
		{
			"name": "Step4",
			"from": [0, 13, 13],
			"to": [16, 14, 15],
			"faces": {
				"north": {"uv": [1, 1, 15, 2], "texture": "#block"},
				"east": {"uv": [2, 1, 3, 3], "rotation": 90, "texture": "#block"},
				"south": {"uv": [1, 2, 15, 3], "texture": "#block"},
				"west": {"uv": [1, 1, 2, 3], "rotation": 270, "texture": "#block"},
				"up": {"uv": [1, 1, 15, 3], "texture": "#block"},
				"down": {"uv": [1, 1, 15, 3], "rotation": 180, "texture": "#block"}
			}
		}
	]
}