{
"__comment":"Made by Know2Good, part of the 'Default 3D™' resource pack || Official download page: http://www.planetminecraft.com/texture_pack/default-3d-2985741/ || © Know2Good. All rights reserved. ",
"ambientocclusion": false,

"textures": {
	"block": 	"block/acacia_door_bottom",
	"particle":	"block/acacia_door_bottom"
},
"elements":[
	{
		"__comment":"The inner block",
		"from":[0.75,0,0],
		"to":[2.25,16,15],
		"faces": {
			"down":{"uv":	[1.01,15.01,15.99,15.99],"texture":"#block","cullface":"Know2Good","rotation":90},
			"north":{"uv":	[15.01,0.01,15.99,15.99],"texture":"#block","cullface":"Know2Good"},
			"west":{"uv":	[15.99,0.01,1.01,15.99],"texture":"#block","cullface":"Know2Good"},
			"east":{"uv":	[1.01,0.01,15.99,15.99],"texture":"#block","cullface":"Know2Good"}
		}
	},
	{
		"__comment":"Bottom hinge",
		"from":[-0.25,4,15],
		"to":[3.25,6,16.25],
		"faces": {
			"up":{"uv":		[0.01,10.01,0.99,10.99],"texture":"#block","cullface":"Know2Good","rotation":270},
			"down":{"uv":	[0.01,11.01,0.99,11.99],"texture":"#block","cullface":"Know2Good","rotation":90},
			"north":{"uv":	[0.01,10.01,0.99,11.99],"texture":"#block","cullface":"Know2Good"},
			"south":{"uv":	[0.01,10.01,0.99,11.99],"texture":"#block","cullface":"Know2Good"},
			"west":{"uv":	[0.01,10.01,0.99,11.99],"texture":"#block","cullface":"Know2Good"},
			"east":{"uv":	[0.01,10.01,0.99,11.99],"texture":"#block","cullface":"Know2Good"}
		}
	},
	{
		"__comment":"Top hinge",
		"from":[-0.25,15,15],
		"to":[3.25,16,16.25],
		"faces": {
			"up":{"uv":		[0.01,0.01,0.99,0.99],"texture":"#block","cullface":"Know2Good","rotation":270},
			"down":{"uv":	[0.01,0.01,0.99,0.99],"texture":"#block","cullface":"Know2Good","rotation":90},
			"north":{"uv":	[0.01,0.01,0.99,0.99],"texture":"#block","cullface":"Know2Good"},
			"south":{"uv":	[0.01,0.01,0.99,0.99],"texture":"#block","cullface":"Know2Good"},
			"west":{"uv":	[1.01,0.01,0.99,0.99],"texture":"#block","cullface":"Know2Good"},
			"east":{"uv":	[0.01,0.01,0.99,0.99],"texture":"#block","cullface":"Know2Good"}
		}
	},
	{
		"__comment":"Middle hinge side",
		"from":[0.992,0,13],
		"to":[2.008,16,16],
		"faces": {
			"down":{"uv":	[0.01,15.01,2.99,15.99],"texture":"#block","cullface":"Know2Good","rotation":90},
			"north":{"uv":	[2.01,0.01,2.99,15.99],"texture":"#block","cullface":"Know2Good"},
			"south":{"uv":	[1.01,0.01,1.99,15.99],"texture":"#block","cullface":"Know2Good"}
		}
	},
	{
		"__comment":"Hinge side (east)",
		"from":[2,0,13],
		"to":[3.02,16,16],
		"faces": {
			"down":{"uv":	[0.01,15.01,2.99,15.99],"texture":"#block","cullface":"Know2Good","rotation":90},
			"north":{"uv":	[2.01,0.01,2.99,15.99],"texture":"#block","cullface":"Know2Good"},
			"south":{"uv":	[0.01,0.01,0.99,15.99],"texture":"#block","cullface":"Know2Good"},
			"east":{"uv":	[0.01,0.01,2.99,15.99],"texture":"#block","cullface":"Know2Good"}
		}
	},
	{
		"__comment":"Hinge side (west)",
		"from":[0,0,13],
		"to":[1,16,16],
		"faces": {
			"down":{"uv":	[0.01,15.01,2.99,15.99],"texture":"#block","cullface":"Know2Good","rotation":90},
			"north":{"uv":	[2.01,0.01,2.99,15.99],"texture":"#block","cullface":"Know2Good"},
			"south":{"uv":	[0.01,0.01,0.99,15.99],"texture":"#block","cullface":"Know2Good"},
			"west":{"uv":	[2.99,0.01,0.01,15.99],"texture":"#block","cullface":"Know2Good"}
		}
	},
	{
		"__comment":"Right",
		"from":[0,0,0.98],
		"to":[3.02,16,3],
		"faces": {
			"down":{"uv":	[13.01,15.01,14.99,15.99],"texture":"#block","cullface":"Know2Good","rotation":90},
			"north":{"uv":	[14.01,0.01,14.99,15.99],"texture":"#block","cullface":"Know2Good"},
			"south":{"uv":	[13.01,0.01,13.99,15.99],"texture":"#block","cullface":"Know2Good"},
			"west":{"uv":	[14.99,0.01,13.01,15.99],"texture":"#block","cullface":"Know2Good"},
			"east":{"uv":	[13.01,0.01,14.99,15.99],"texture":"#block","cullface":"Know2Good"}
		}
	},
	{
		"__comment":"Top",
		"from":[0,15,3],
		"to":[3.02,16,13],
		"faces": {
			"down":{"uv":	[3.01,0.01,12.99,0.99],"texture":"#block","cullface":"Know2Good","rotation":90},
			"west":{"uv":	[12.99,0.01,3.01,0.99],"texture":"#block","cullface":"Know2Good"},
			"east":{"uv":	[3.01,0.01,12.99,0.99],"texture":"#block","cullface":"Know2Good"}
		}
	},
	{
		"__comment":"Bottom",
		"from":[0,0,3],
		"to":[3.02,3,13],
		"faces": {
			"up":{"uv":		[3.01,13.01,12.99,13.99],"texture":"#block","cullface":"Know2Good","rotation":270},
			"down":{"uv":	[3.01,15.01,12.99,15.99],"texture":"#block","cullface":"Know2Good","rotation":90},
			"west":{"uv":	[12.99,13.01,3.01,15.99],"texture":"#block","cullface":"Know2Good"},
			"east":{"uv":	[3.01,13.01,12.99,15.99],"texture":"#block","cullface":"Know2Good"}
		}
	},
	{
		"__comment":"Bar left",
		"from":[0.75,3,9.02],
		"to":[2.25,15,10.98],
		"faces": {
			"north":{"uv":	[6.01,1.01,6.99,12.99],"texture":"#block","cullface":"Know2Good"},
			"south":{"uv":	[5.01,1.01,5.99,12.99],"texture":"#block","cullface":"Know2Good"}
		}
	},
	{
		"__comment":"Bar right",
		"from":[0.75,3,5.02],
		"to":[2.25,15,6.98],
		"faces": {
			"north":{"uv":	[10.01,1.01,10.99,12.99],"texture":"#block","cullface":"Know2Good"},
			"south":{"uv":	[9.01,1.01,9.99,12.99],"texture":"#block","cullface":"Know2Good"}
		}
	},
	{
		"__comment":"Handle west",
		"from":[-1,15,4],
		"to":[-0.5,16,5],
		"faces": {
			"up":{"uv":		[14.01,0.01,14.99,0.99],"texture":"#block","cullface":"Know2Good","rotation":270},
			"down":{"uv":	[14.01,0.01,14.99,0.99],"texture":"#block","cullface":"Know2Good","rotation":90},
			"north":{"uv":	[14.01,0.01,14.99,0.99],"texture":"#block","cullface":"Know2Good"},
			"south":{"uv":	[14.01,0.01,14.99,0.99],"texture":"#block","cullface":"Know2Good"},
			"west":{"uv":	[14.01,0.01,14.99,0.99],"texture":"#block","cullface":"Know2Good"},
			"east":{"uv":	[14.01,0.01,14.99,0.99],"texture":"#block","cullface":"Know2Good"}
		}
	},
	{
		"__comment":"Handle east",
		"from":[3.5,15,4],
		"to":[4,16,5],
		"faces": {
			"up":{"uv":		[14.01,0.01,14.99,0.99],"texture":"#block","cullface":"Know2Good","rotation":270},
			"down":{"uv":	[14.01,0.01,14.99,0.99],"texture":"#block","cullface":"Know2Good","rotation":90},
			"north":{"uv":	[14.01,0.01,14.99,0.99],"texture":"#block","cullface":"Know2Good"},
			"south":{"uv":	[14.01,0.01,14.99,0.99],"texture":"#block","cullface":"Know2Good"},
			"west":{"uv":	[14.01,0.01,14.99,0.99],"texture":"#block","cullface":"Know2Good"},
			"east":{"uv":	[14.01,0.01,14.99,0.99],"texture":"#block","cullface":"Know2Good"}
		}
	},
	{
		"__comment":"Prevent handle",
		"from":[-0.001,15,0.978],
		"to":[3.001,16,2],
		"faces": {
			"north":{"uv":	[14.01,12.01,14.99,12.99],"texture":"#block","cullface":"Know2Good"},
			"west":{"uv":	[14.01,12.01,14.99,12.99],"texture":"#block","cullface":"Know2Good"},
			"east":{"uv":	[14.01,12.01,14.99,12.99],"texture":"#block","cullface":"Know2Good"}
			}
		}
    ]
}