{
    "variants": {
        "alt=false,east=false,flip=false,north=false,south=false,upper=0,west=false": { "model": "block/fire_floor_main" },
        "alt=false,east=false,flip=false,north=false,south=true,upper=0,west=false": { "model": "block/fire_n_main", "y": 180 },
        "alt=false,east=false,flip=false,north=false,south=false,upper=0,west=true": { "model": "block/fire_n_main", "y": 270 },
        "alt=false,east=false,flip=false,north=true,south=false,upper=0,west=false": { "model": "block/fire_n_main" },
        "alt=false,east=true,flip=false,north=false,south=false,upper=0,west=false": { "model": "block/fire_n_main", "y": 90 },
        "alt=false,east=true,flip=false,north=true,south=false,upper=0,west=false": { "model": "block/fire_ne_main" },
        "alt=false,east=true,flip=false,north=false,south=true,upper=0,west=false": { "model": "block/fire_ne_main", "y": 90 },
        "alt=false,east=false,flip=false,north=false,south=true,upper=0,west=true": { "model": "block/fire_ne_main", "y": 180 },
        "alt=false,east=false,flip=false,north=true,south=false,upper=0,west=true": { "model": "block/fire_ne_main", "y": 270 },
        "alt=false,east=false,flip=false,north=true,south=true,upper=0,west=false": { "model": "block/fire_ns_main" },
        "alt=false,east=true,flip=false,north=false,south=false,upper=0,west=true": { "model": "block/fire_ns_main", "y": 90 },
        "alt=false,east=true,flip=false,north=true,south=true,upper=0,west=false": { "model": "block/fire_nse_main" },
        "alt=false,east=true,flip=false,north=false,south=true,upper=0,west=true": { "model": "block/fire_nse_main", "y": 90 },
        "alt=false,east=false,flip=false,north=true,south=true,upper=0,west=true": { "model": "block/fire_nse_main", "y": 180 },
        "alt=false,east=true,flip=false,north=true,south=false,upper=0,west=true": { "model": "block/fire_nse_main", "y": 270 },
        "alt=false,east=true,flip=false,north=true,south=true,upper=0,west=true": { "model": "block/fire_nsew_main" },
        "alt=false,east=false,flip=false,north=false,south=false,upper=1,west=false": { "model": "block/fire_u1_main" },
        "alt=false,east=false,flip=false,north=false,south=true,upper=1,west=false": { "model": "block/fire_nu1_main", "y": 180 },
        "alt=false,east=false,flip=false,north=false,south=false,upper=1,west=true": { "model": "block/fire_nu1_main", "y": 270 },
        "alt=false,east=false,flip=false,north=true,south=false,upper=1,west=false": { "model": "block/fire_nu1_main" },
        "alt=false,east=true,flip=false,north=false,south=false,upper=1,west=false": { "model": "block/fire_nu1_main", "y": 90 },
        "alt=false,east=true,flip=false,north=true,south=false,upper=1,west=false": { "model": "block/fire_neu1_main" },
        "alt=false,east=true,flip=false,north=false,south=true,upper=1,west=false": { "model": "block/fire_neu1_main", "y": 90 },
        "alt=false,east=false,flip=false,north=false,south=true,upper=1,west=true": { "model": "block/fire_neu1_main", "y": 180 },
        "alt=false,east=false,flip=false,north=true,south=false,upper=1,west=true": { "model": "block/fire_neu1_main", "y": 270 },
        "alt=false,east=false,flip=false,north=true,south=true,upper=1,west=false": { "model": "block/fire_nsu1_main" },
        "alt=false,east=true,flip=false,north=false,south=false,upper=1,west=true": { "model": "block/fire_nsu1_main", "y": 90 },
        "alt=false,east=true,flip=false,north=true,south=true,upper=1,west=false": { "model": "block/fire_nseu1_main" },
        "alt=false,east=true,flip=false,north=false,south=true,upper=1,west=true": { "model": "block/fire_nseu1_main", "y": 90 },
        "alt=false,east=false,flip=false,north=true,south=true,upper=1,west=true": { "model": "block/fire_nseu1_main", "y": 180 },
        "alt=false,east=true,flip=false,north=true,south=false,upper=1,west=true": { "model": "block/fire_nseu1_main", "y": 270 },
        "alt=false,east=true,flip=false,north=true,south=true,upper=1,west=true": { "model": "block/fire_nsewu1_main" },
        "alt=false,east=false,flip=false,north=false,south=false,upper=2,west=false": { "model": "block/fire_u2_main" },
        "alt=false,east=false,flip=false,north=false,south=true,upper=2,west=false": { "model": "block/fire_nu2_main", "y": 180 },
        "alt=false,east=false,flip=false,north=false,south=false,upper=2,west=true": { "model": "block/fire_nu2_main", "y": 270 },
        "alt=false,east=false,flip=false,north=true,south=false,upper=2,west=false": { "model": "block/fire_nu2_main" },
        "alt=false,east=true,flip=false,north=false,south=false,upper=2,west=false": { "model": "block/fire_nu2_main", "y": 90 },
        "alt=false,east=true,flip=false,north=true,south=false,upper=2,west=false": { "model": "block/fire_neu2_main" },
        "alt=false,east=true,flip=false,north=false,south=true,upper=2,west=false": { "model": "block/fire_neu2_main", "y": 90 },
        "alt=false,east=false,flip=false,north=false,south=true,upper=2,west=true": { "model": "block/fire_neu2_main", "y": 180 },
        "alt=false,east=false,flip=false,north=true,south=false,upper=2,west=true": { "model": "block/fire_neu2_main", "y": 270 },
        "alt=false,east=false,flip=false,north=true,south=true,upper=2,west=false": { "model": "block/fire_nsu2_main" },
        "alt=false,east=true,flip=false,north=false,south=false,upper=2,west=true": { "model": "block/fire_nsu2_main", "y": 90 },
        "alt=false,east=true,flip=false,north=true,south=true,upper=2,west=false": { "model": "block/fire_nseu2_main" },
        "alt=false,east=true,flip=false,north=false,south=true,upper=2,west=true": { "model": "block/fire_nseu2_main", "y": 90 },
        "alt=false,east=false,flip=false,north=true,south=true,upper=2,west=true": { "model": "block/fire_nseu2_main", "y": 180 },
        "alt=false,east=true,flip=false,north=true,south=false,upper=2,west=true": { "model": "block/fire_nseu2_main", "y": 270 },
        "alt=false,east=true,flip=false,north=true,south=true,upper=2,west=true": { "model": "block/fire_nsewu2_main" },
        "alt=true,east=false,flip=false,north=false,south=false,upper=0,west=false": { "model": "block/fire_floor_main" },
        "alt=true,east=false,flip=false,north=false,south=true,upper=0,west=false": { "model": "block/fire_n_alt", "y": 180 },
        "alt=true,east=false,flip=false,north=false,south=false,upper=0,west=true": { "model": "block/fire_n_alt", "y": 270 },
        "alt=true,east=false,flip=false,north=true,south=false,upper=0,west=false": { "model": "block/fire_n_alt" },
        "alt=true,east=true,flip=false,north=false,south=false,upper=0,west=false": { "model": "block/fire_n_alt", "y": 90 },
        "alt=true,east=true,flip=false,north=true,south=false,upper=0,west=false": { "model": "block/fire_ne_alt" },
        "alt=true,east=true,flip=false,north=false,south=true,upper=0,west=false": { "model": "block/fire_ne_alt", "y": 90 },
        "alt=true,east=false,flip=false,north=false,south=true,upper=0,west=true": { "model": "block/fire_ne_alt", "y": 180 },
        "alt=true,east=false,flip=false,north=true,south=false,upper=0,west=true": { "model": "block/fire_ne_alt", "y": 270 },
        "alt=true,east=false,flip=false,north=true,south=true,upper=0,west=false": { "model": "block/fire_ns_alt" },
        "alt=true,east=true,flip=false,north=false,south=false,upper=0,west=true": { "model": "block/fire_ns_alt", "y": 90 },
        "alt=true,east=true,flip=false,north=true,south=true,upper=0,west=false": { "model": "block/fire_nse_alt" },
        "alt=true,east=true,flip=false,north=false,south=true,upper=0,west=true": { "model": "block/fire_nse_alt", "y": 90 },
        "alt=true,east=false,flip=false,north=true,south=true,upper=0,west=true": { "model": "block/fire_nse_alt", "y": 180 },
        "alt=true,east=true,flip=false,north=true,south=false,upper=0,west=true": { "model": "block/fire_nse_alt", "y": 270 },
        "alt=true,east=true,flip=false,north=true,south=true,upper=0,west=true": { "model": "block/fire_nsew_alt" },
        "alt=true,east=false,flip=false,north=false,south=false,upper=1,west=false": { "model": "block/fire_u1_main" },
        "alt=true,east=false,flip=false,north=false,south=true,upper=1,west=false": { "model": "block/fire_nu1_alt", "y": 180 },
        "alt=true,east=false,flip=false,north=false,south=false,upper=1,west=true": { "model": "block/fire_nu1_alt", "y": 270 },
        "alt=true,east=false,flip=false,north=true,south=false,upper=1,west=false": { "model": "block/fire_nu1_alt" },
        "alt=true,east=true,flip=false,north=false,south=false,upper=1,west=false": { "model": "block/fire_nu1_alt", "y": 90 },
        "alt=true,east=true,flip=false,north=true,south=false,upper=1,west=false": { "model": "block/fire_neu1_alt" },
        "alt=true,east=true,flip=false,north=false,south=true,upper=1,west=false": { "model": "block/fire_neu1_alt", "y": 90 },
        "alt=true,east=false,flip=false,north=false,south=true,upper=1,west=true": { "model": "block/fire_neu1_alt", "y": 180 },
        "alt=true,east=false,flip=false,north=true,south=false,upper=1,west=true": { "model": "block/fire_neu1_alt", "y": 270 },
        "alt=true,east=false,flip=false,north=true,south=true,upper=1,west=false": { "model": "block/fire_nsu1_alt" },
        "alt=true,east=true,flip=false,north=false,south=false,upper=1,west=true": { "model": "block/fire_nsu1_alt", "y": 90 },
        "alt=true,east=true,flip=false,north=true,south=true,upper=1,west=false": { "model": "block/fire_nseu1_alt" },
        "alt=true,east=true,flip=false,north=false,south=true,upper=1,west=true": { "model": "block/fire_nseu1_alt", "y": 90 },
        "alt=true,east=false,flip=false,north=true,south=true,upper=1,west=true": { "model": "block/fire_nseu1_alt", "y": 180 },
        "alt=true,east=true,flip=false,north=true,south=false,upper=1,west=true": { "model": "block/fire_nseu1_alt", "y": 270 },
        "alt=true,east=true,flip=false,north=true,south=true,upper=1,west=true": { "model": "block/fire_nsewu1_alt" },
        "alt=true,east=false,flip=false,north=false,south=false,upper=2,west=false": { "model": "block/fire_u2_main" },
        "alt=true,east=false,flip=false,north=false,south=true,upper=2,west=false": { "model": "block/fire_nu2_alt", "y": 180 },
        "alt=true,east=false,flip=false,north=false,south=false,upper=2,west=true": { "model": "block/fire_nu2_alt", "y": 270 },
        "alt=true,east=false,flip=false,north=true,south=false,upper=2,west=false": { "model": "block/fire_nu2_alt" },
        "alt=true,east=true,flip=false,north=false,south=false,upper=2,west=false": { "model": "block/fire_nu2_alt", "y": 90 },
        "alt=true,east=true,flip=false,north=true,south=false,upper=2,west=false": { "model": "block/fire_neu2_alt" },
        "alt=true,east=true,flip=false,north=false,south=true,upper=2,west=false": { "model": "block/fire_neu2_alt", "y": 90 },
        "alt=true,east=false,flip=false,north=false,south=true,upper=2,west=true": { "model": "block/fire_neu2_alt", "y": 180 },
        "alt=true,east=false,flip=false,north=true,south=false,upper=2,west=true": { "model": "block/fire_neu2_alt", "y": 270 },
        "alt=true,east=false,flip=false,north=true,south=true,upper=2,west=false": { "model": "block/fire_nsu2_alt" },
        "alt=true,east=true,flip=false,north=false,south=false,upper=2,west=true": { "model": "block/fire_nsu2_alt", "y": 90 },
        "alt=true,east=true,flip=false,north=true,south=true,upper=2,west=false": { "model": "block/fire_nseu2_alt" },
        "alt=true,east=true,flip=false,north=false,south=true,upper=2,west=true": { "model": "block/fire_nseu2_alt", "y": 90 },
        "alt=true,east=false,flip=false,north=true,south=true,upper=2,west=true": { "model": "block/fire_nseu2_alt", "y": 180 },
        "alt=true,east=true,flip=false,north=true,south=false,upper=2,west=true": { "model": "block/fire_nseu2_alt", "y": 270 },
        "alt=true,east=true,flip=false,north=true,south=true,upper=2,west=true": { "model": "block/fire_nsewu2_alt" },
        "alt=false,east=false,flip=true,north=false,south=false,upper=0,west=false": { "model": "block/fire_floor_main" },
        "alt=false,east=false,flip=true,north=false,south=true,upper=0,west=false": { "model": "block/fire_n_flip_main", "y": 180 },
        "alt=false,east=false,flip=true,north=false,south=false,upper=0,west=true": { "model": "block/fire_n_flip_main", "y": 270 },
        "alt=false,east=false,flip=true,north=true,south=false,upper=0,west=false": { "model": "block/fire_n_flip_main" },
        "alt=false,east=true,flip=true,north=false,south=false,upper=0,west=false": { "model": "block/fire_n_flip_main", "y": 90 },
        "alt=false,east=true,flip=true,north=true,south=false,upper=0,west=false": { "model": "block/fire_ne_flip_main" },
        "alt=false,east=true,flip=true,north=false,south=true,upper=0,west=false": { "model": "block/fire_ne_flip_main", "y": 90 },
        "alt=false,east=false,flip=true,north=false,south=true,upper=0,west=true": { "model": "block/fire_ne_flip_main", "y": 180 },
        "alt=false,east=false,flip=true,north=true,south=false,upper=0,west=true": { "model": "block/fire_ne_flip_main", "y": 270 },
        "alt=false,east=false,flip=true,north=true,south=true,upper=0,west=false": { "model": "block/fire_ns_flip_main" },
        "alt=false,east=true,flip=true,north=false,south=false,upper=0,west=true": { "model": "block/fire_ns_flip_main", "y": 90 },
        "alt=false,east=true,flip=true,north=true,south=true,upper=0,west=false": { "model": "block/fire_nse_flip_main" },
        "alt=false,east=true,flip=true,north=false,south=true,upper=0,west=true": { "model": "block/fire_nse_flip_main", "y": 90 },
        "alt=false,east=false,flip=true,north=true,south=true,upper=0,west=true": { "model": "block/fire_nse_flip_main", "y": 180 },
        "alt=false,east=true,flip=true,north=true,south=false,upper=0,west=true": { "model": "block/fire_nse_flip_main", "y": 270 },
        "alt=false,east=true,flip=true,north=true,south=true,upper=0,west=true": { "model": "block/fire_nsew_flip_main" },
        "alt=false,east=false,flip=true,north=false,south=false,upper=1,west=false": { "model": "block/fire_u1_main" },
        "alt=false,east=false,flip=true,north=false,south=true,upper=1,west=false": { "model": "block/fire_nu1_flip_main", "y": 180 },
        "alt=false,east=false,flip=true,north=false,south=false,upper=1,west=true": { "model": "block/fire_nu1_flip_main", "y": 270 },
        "alt=false,east=false,flip=true,north=true,south=false,upper=1,west=false": { "model": "block/fire_nu1_flip_main" },
        "alt=false,east=true,flip=true,north=false,south=false,upper=1,west=false": { "model": "block/fire_nu1_flip_main", "y": 90 },
        "alt=false,east=true,flip=true,north=true,south=false,upper=1,west=false": { "model": "block/fire_neu1_flip_main" },
        "alt=false,east=true,flip=true,north=false,south=true,upper=1,west=false": { "model": "block/fire_neu1_flip_main", "y": 90 },
        "alt=false,east=false,flip=true,north=false,south=true,upper=1,west=true": { "model": "block/fire_neu1_flip_main", "y": 180 },
        "alt=false,east=false,flip=true,north=true,south=false,upper=1,west=true": { "model": "block/fire_neu1_flip_main", "y": 270 },
        "alt=false,east=false,flip=true,north=true,south=true,upper=1,west=false": { "model": "block/fire_nsu1_flip_main" },
        "alt=false,east=true,flip=true,north=false,south=false,upper=1,west=true": { "model": "block/fire_nsu1_flip_main", "y": 90 },
        "alt=false,east=true,flip=true,north=true,south=true,upper=1,west=false": { "model": "block/fire_nseu1_flip_main" },
        "alt=false,east=true,flip=true,north=false,south=true,upper=1,west=true": { "model": "block/fire_nseu1_flip_main", "y": 90 },
        "alt=false,east=false,flip=true,north=true,south=true,upper=1,west=true": { "model": "block/fire_nseu1_flip_main", "y": 180 },
        "alt=false,east=true,flip=true,north=true,south=false,upper=1,west=true": { "model": "block/fire_nseu1_flip_main", "y": 270 },
        "alt=false,east=true,flip=true,north=true,south=true,upper=1,west=true": { "model": "block/fire_nsewu1_flip_main" },
        "alt=false,east=false,flip=true,north=false,south=false,upper=2,west=false": { "model": "block/fire_u2_main" },
        "alt=false,east=false,flip=true,north=false,south=true,upper=2,west=false": { "model": "block/fire_nu2_flip_main", "y": 180 },
        "alt=false,east=false,flip=true,north=false,south=false,upper=2,west=true": { "model": "block/fire_nu2_flip_main", "y": 270 },
        "alt=false,east=false,flip=true,north=true,south=false,upper=2,west=false": { "model": "block/fire_nu2_flip_main" },
        "alt=false,east=true,flip=true,north=false,south=false,upper=2,west=false": { "model": "block/fire_nu2_flip_main", "y": 90 },
        "alt=false,east=true,flip=true,north=true,south=false,upper=2,west=false": { "model": "block/fire_neu2_flip_main" },
        "alt=false,east=true,flip=true,north=false,south=true,upper=2,west=false": { "model": "block/fire_neu2_flip_main", "y": 90 },
        "alt=false,east=false,flip=true,north=false,south=true,upper=2,west=true": { "model": "block/fire_neu2_flip_main", "y": 180 },
        "alt=false,east=false,flip=true,north=true,south=false,upper=2,west=true": { "model": "block/fire_neu2_flip_main", "y": 270 },
        "alt=false,east=false,flip=true,north=true,south=true,upper=2,west=false": { "model": "block/fire_nsu2_flip_main" },
        "alt=false,east=true,flip=true,north=false,south=false,upper=2,west=true": { "model": "block/fire_nsu2_flip_main", "y": 90 },
        "alt=false,east=true,flip=true,north=true,south=true,upper=2,west=false": { "model": "block/fire_nseu2_flip_main" },
        "alt=false,east=true,flip=true,north=false,south=true,upper=2,west=true": { "model": "block/fire_nseu2_flip_main", "y": 90 },
        "alt=false,east=false,flip=true,north=true,south=true,upper=2,west=true": { "model": "block/fire_nseu2_flip_main", "y": 180 },
        "alt=false,east=true,flip=true,north=true,south=false,upper=2,west=true": { "model": "block/fire_nseu2_flip_main", "y": 270 },
        "alt=false,east=true,flip=true,north=true,south=true,upper=2,west=true": { "model": "block/fire_nsewu2_flip_main" },
        "alt=true,east=false,flip=true,north=false,south=false,upper=0,west=false": { "model": "block/fire_floor_main" },
        "alt=true,east=false,flip=true,north=false,south=true,upper=0,west=false": { "model": "block/fire_n_alt_flip", "y": 180 },
        "alt=true,east=false,flip=true,north=false,south=false,upper=0,west=true": { "model": "block/fire_n_alt_flip", "y": 270 },
        "alt=true,east=false,flip=true,north=true,south=false,upper=0,west=false": { "model": "block/fire_n_alt_flip" },
        "alt=true,east=true,flip=true,north=false,south=false,upper=0,west=false": { "model": "block/fire_n_alt_flip", "y": 90 },
        "alt=true,east=true,flip=true,north=true,south=false,upper=0,west=false": { "model": "block/fire_ne_alt_flip" },
        "alt=true,east=true,flip=true,north=false,south=true,upper=0,west=false": { "model": "block/fire_ne_alt_flip", "y": 90 },
        "alt=true,east=false,flip=true,north=false,south=true,upper=0,west=true": { "model": "block/fire_ne_alt_flip", "y": 180 },
        "alt=true,east=false,flip=true,north=true,south=false,upper=0,west=true": { "model": "block/fire_ne_alt_flip", "y": 270 },
        "alt=true,east=false,flip=true,north=true,south=true,upper=0,west=false": { "model": "block/fire_ns_alt_flip" },
        "alt=true,east=true,flip=true,north=false,south=false,upper=0,west=true": { "model": "block/fire_ns_alt_flip", "y": 90 },
        "alt=true,east=true,flip=true,north=true,south=true,upper=0,west=false": { "model": "block/fire_nse_alt_flip" },
        "alt=true,east=true,flip=true,north=false,south=true,upper=0,west=true": { "model": "block/fire_nse_alt_flip", "y": 90 },
        "alt=true,east=false,flip=true,north=true,south=true,upper=0,west=true": { "model": "block/fire_nse_alt_flip", "y": 180 },
        "alt=true,east=true,flip=true,north=true,south=false,upper=0,west=true": { "model": "block/fire_nse_alt_flip", "y": 270 },
        "alt=true,east=true,flip=true,north=true,south=true,upper=0,west=true": { "model": "block/fire_nsew_alt_flip" },
        "alt=true,east=false,flip=true,north=false,south=false,upper=1,west=false": { "model": "block/fire_u1_main" },
        "alt=true,east=false,flip=true,north=false,south=true,upper=1,west=false": { "model": "block/fire_nu1_alt_flip", "y": 180 },
        "alt=true,east=false,flip=true,north=false,south=false,upper=1,west=true": { "model": "block/fire_nu1_alt_flip", "y": 270 },
        "alt=true,east=false,flip=true,north=true,south=false,upper=1,west=false": { "model": "block/fire_nu1_alt_flip" },
        "alt=true,east=true,flip=true,north=false,south=false,upper=1,west=false": { "model": "block/fire_nu1_alt_flip", "y": 90 },
        "alt=true,east=true,flip=true,north=true,south=false,upper=1,west=false": { "model": "block/fire_neu1_alt_flip" },
        "alt=true,east=true,flip=true,north=false,south=true,upper=1,west=false": { "model": "block/fire_neu1_alt_flip", "y": 90 },
        "alt=true,east=false,flip=true,north=false,south=true,upper=1,west=true": { "model": "block/fire_neu1_alt_flip", "y": 180 },
        "alt=true,east=false,flip=true,north=true,south=false,upper=1,west=true": { "model": "block/fire_neu1_alt_flip", "y": 270 },
        "alt=true,east=false,flip=true,north=true,south=true,upper=1,west=false": { "model": "block/fire_nsu1_alt_flip" },
        "alt=true,east=true,flip=true,north=false,south=false,upper=1,west=true": { "model": "block/fire_nsu1_alt_flip", "y": 90 },
        "alt=true,east=true,flip=true,north=true,south=true,upper=1,west=false": { "model": "block/fire_nseu1_alt_flip" },
        "alt=true,east=true,flip=true,north=false,south=true,upper=1,west=true": { "model": "block/fire_nseu1_alt_flip", "y": 90 },
        "alt=true,east=false,flip=true,north=true,south=true,upper=1,west=true": { "model": "block/fire_nseu1_alt_flip", "y": 180 },
        "alt=true,east=true,flip=true,north=true,south=false,upper=1,west=true": { "model": "block/fire_nseu1_alt_flip", "y": 270 },
        "alt=true,east=true,flip=true,north=true,south=true,upper=1,west=true": { "model": "block/fire_nsewu1_alt_flip" },
        "alt=true,east=false,flip=true,north=false,south=false,upper=2,west=false": { "model": "block/fire_u2_main" },
        "alt=true,east=false,flip=true,north=false,south=true,upper=2,west=false": { "model": "block/fire_nu2_alt_flip", "y": 180 },
        "alt=true,east=false,flip=true,north=false,south=false,upper=2,west=true": { "model": "block/fire_nu2_alt_flip", "y": 270 },
        "alt=true,east=false,flip=true,north=true,south=false,upper=2,west=false": { "model": "block/fire_nu2_alt_flip" },
        "alt=true,east=true,flip=true,north=false,south=false,upper=2,west=false": { "model": "block/fire_nu2_alt_flip", "y": 90 },
        "alt=true,east=true,flip=true,north=true,south=false,upper=2,west=false": { "model": "block/fire_neu2_alt_flip" },
        "alt=true,east=true,flip=true,north=false,south=true,upper=2,west=false": { "model": "block/fire_neu2_alt_flip", "y": 90 },
        "alt=true,east=false,flip=true,north=false,south=true,upper=2,west=true": { "model": "block/fire_neu2_alt_flip", "y": 180 },
        "alt=true,east=false,flip=true,north=true,south=false,upper=2,west=true": { "model": "block/fire_neu2_alt_flip", "y": 270 },
        "alt=true,east=false,flip=true,north=true,south=true,upper=2,west=false": { "model": "block/fire_nsu2_alt_flip" },
        "alt=true,east=true,flip=true,north=false,south=false,upper=2,west=true": { "model": "block/fire_nsu2_alt_flip", "y": 90 },
        "alt=true,east=true,flip=true,north=true,south=true,upper=2,west=false": { "model": "block/fire_nseu2_alt_flip" },
        "alt=true,east=true,flip=true,north=false,south=true,upper=2,west=true": { "model": "block/fire_nseu2_alt_flip", "y": 90 },
        "alt=true,east=false,flip=true,north=true,south=true,upper=2,west=true": { "model": "block/fire_nseu2_alt_flip", "y": 180 },
        "alt=true,east=true,flip=true,north=true,south=false,upper=2,west=true": { "model": "block/fire_nseu2_alt_flip", "y": 270 },
        "alt=true,east=true,flip=true,north=true,south=true,upper=2,west=true": { "model": "block/fire_nsewu2_alt_flip" }
    }
}
