{
"__comment":"Made by Know2Good, part of the 'Default 3D™' resource pack || Official download page: http://www.planetminecraft.com/texture_pack/default-3d-2985741/ || © Know2Good. All rights reserved. ",
    "variants": {
        "east=false,north=false,south=false,west=false": { "model": "block/bars_c" },
        "east=false,north=true,south=false,west=false": { "model": "block/bars_n" },
        "east=true,north=false,south=false,west=false": { "model": "block/bars_e"},
        "east=false,north=false,south=true,west=false": { "model": "block/bars_s"},
        "east=false,north=false,south=false,west=true": { "model": "block/bars_w"},
        "east=true,north=true,south=false,west=false": { "model": "block/bars_ne" },
        "east=true,north=false,south=true,west=false": { "model": "block/bars_se"},
        "east=false,north=false,south=true,west=true": { "model": "block/bars_sw"},
        "east=false,north=true,south=false,west=true": { "model": "block/bars_nw"},
        "east=false,north=true,south=true,west=false": { "model": "block/bars_ns"},
        "east=true,north=false,south=false,west=true": { "model": "block/bars_ew"},
        "east=true,north=true,south=true,west=false": { "model": "block/bars_nes"},
        "east=true,north=false,south=true,west=true": { "model": "block/bars_esw"},
        "east=false,north=true,south=true,west=true": { "model": "block/bars_swn"},
        "east=true,north=true,south=false,west=true": { "model": "block/bars_wne"},
        "east=true,north=true,south=true,west=true": { "model": "block/bars_nsew" }
    }
}
